prob	year	artist	song	snippet	url	features
0.98	2021	3MFrench (Ft. Pengz & Two-Two)	Lizzy McGuire	"the plug, he told me, ""That price is regular, forty thousand for a brick"" (Birds) / My nayaas they go from"	https://genius.com/3mfrench-lizzy-mcguire-lyrics	"kilo term; num near kilo (forty thousand); plausible $K; ""for a brick""; ""N a key""; price word; money unit; drug context"
0.97	0	Snap Capone	Pay 4 It / Picture Me Rolling	drops, that's crack in a pot / Charge thirty for a key, that's the price of my watch / Nigga	https://genius.com/Snap-capone-pay-4-it-picture-me-rolling-lyrics	"kilo term; num near kilo (thirty); plausible $K; ""for a brick""; ""N a key""; price word; drug context"
0.96	0	Fee Gonzales	Slatt	Yeah, I just paid like 40 for the brick mm-hm / I just put the monkey on my kicks mm	https://genius.com/Fee-gonzales-slatt-lyrics	"kilo term; num near kilo (40); plausible $K; ""for a brick""; ""N a key""; price word"
0.96	0	Saigon	Papi (35 a Gram)	papi, work with me / Cuz see 35 g's for a key is too much for me / 35 a gram	https://genius.com/Saigon-papi-35-a-gram-lyrics	"kilo term; num near kilo (35 g's); plausible $K; ""for a brick""; ""N a key""; money unit; drug context; oz/gram nearby"
0.95	0	Doughboyz Cashout (Ft. Mack Nickels)	Numbers	can get for the 6. 2 for 60 for the bricks / Low key as whip when I’m trafficking the	https://genius.com/Doughboyz-cashout-numbers-lyrics	"kilo term; num near kilo (60); plausible $K; ""for a brick""; ""N a key""; drug context"
0.94	0	Smerker (Ft. Deep Green, J Spades & Pak-Man)	Stars In The Wraith (Remix)	on my clip / Thirty on my wrist, wan' pay thirty for a brick / I don't trust hoes or a	https://genius.com/Smerker-stars-in-the-wraith-remix-lyrics	"kilo term; num near kilo (thirty); plausible $K; ""for a brick""; ""N a key""; price word; number counts other noun"
0.93	0	MarleMarle	Flex like Rich	no joke,bottle up cola we selling that coke,8 grand a key get it straight off the boat / This	https://genius.com/Marlemarle-flex-like-rich-lyrics	"kilo term; num near kilo (8 grand); plausible $K; ""N a key""; price word; money unit; drug context"
0.92	0	Styles P	Institutionalized	s faces / Forget the colors, do the numbers / Twenty for a brick, but if you caught, it's twenty-five	https://genius.com/Styles-p-institutionalized-lyrics	"kilo term; num near kilo (twenty); plausible $K; ""for a brick""; ""N a key"""
0.92	2013	Young Thug (Ft. Heavy (Rap) & OG Boo Dirty)	Yeah, Yeah (1017 Thug)	Yeah, yeah (They'll cock back, they depressed too, Hoodrich) / Thirty-six for a brick, too legit to quit (Woo	https://genius.com/Young-thug-yeah-yeah-1017-thug-lyrics	"kilo term; num near kilo (thirty-six); plausible $K; ""for a brick""; ""N a key"""
0.92	2001	E.S.G. (TX) & Slim Thug (Ft. CoCo (Rapper) & C-Styles (TX))	Mash For Our Cash	the Cardiers / Cause we ball like Jason, Dujan and Battier / Sixteen-five for a bird, so nigga quit hating / In	https://genius.com/Esg-tx-and-slim-thug-mash-for-our-cash-lyrics	"kilo term; num near kilo (five); plausible $K; ""for a brick""; ""N a key"""
0.91	2023	GooseByTheWay, SK Da King, 7xvethegenius & Lucky Seven	Take It Back	fentanyl, before they stepped on cocaine / Before niggas started payin' thirty for a whole thing / Sometimes I wish that I	https://genius.com/Goosebytheway-sk-da-king-7xvethegenius-and-lucky-seven-take-it-back-lyrics	"weak kilo term; num near kilo (thirty); plausible $K; ""for a brick""; ""N a key""; price word; drug context; number counts other noun"
0.90	0	Ameer Vann	All I Know	chains gettin' heavy but my head gettin' bigger / Thirty for a brick and a hunnid in the trunk / Leave a	https://genius.com/Ameer-vann-all-i-know-lyrics	"kilo term; num near kilo (thirty); plausible $K; ""for a brick""; ""N a key""; number counts other noun"
0.90	0	Kane & Abel (Ft. Master P & Prime Suspects)	Greens, Cornbread, and Cabbage	wanting sacks / Got niggas in the hood waiting on me for crack / Fifteen five for a key now I'm	https://genius.com/Kane-and-abel-greens-cornbread-and-cabbage-lyrics	"kilo term; num near kilo (fifteen five); plausible $K; ""for a brick""; ""N a key""; number counts other noun"
0.90	2008	Bronze Nazareth	Chambers of Four	see my fingers trim their cartilage / I'll give you twenty for a brick or banana clip cartridges / That's	https://genius.com/Bronze-nazareth-chambers-of-four-lyrics	"kilo term; num near kilo (twenty); plausible $K; ""for a brick""; ""N a key""; number counts other noun"
0.90	2021	Rx Papi	Daisy Lane	goofy ass niggas be doing it for fame / Study for a ten thirty for a brick shit tell me what	https://genius.com/Rx-papi-daisy-lane-lyrics	"kilo term; num near kilo (ten thirty); plausible $K; ""for a brick""; ""N a key""; number counts other noun"
0.90	1998	Scarface (Ft. FACEMOB & Hoodlumz)	Don't Testify	started sayin' / Told him [?], traffic and [?] / Offered him 5 for each key and it's crackin' him up / Now we	https://genius.com/Scarface-dont-testify-lyrics	"weak kilo term; num near kilo (5); plausible $K; ""for a brick""; ""N a key""; apiece"
0.90	2021	Struggle Mike & Smoke Bulga (Ft. Heem B$F)	John Gotti	hang around them niggas (I do) / Only thirty for a bird, I know the real dealers (Psh) / Anybody say a	https://genius.com/Struggle-mike-and-smoke-bulga-john-gotti-lyrics	"kilo term; num near kilo (thirty); plausible $K; ""for a brick""; ""N a key""; number counts other noun"
0.89	2015	Big Ghost Ltd, Conway the Machine & Westside Gunn	If I Ruled the World ’15	ruled the world / I take it back to '05 when coke prices was eighteen a key / If I ruled the	https://genius.com/Big-ghost-ltd-conway-the-machine-and-westside-gunn-if-i-ruled-the-world-15-lyrics	"kilo term; num near kilo (eight); plausible $K; ""N a key""; price word; drug context"
0.89	2021	Erick the Architect	Self Made	I’ll tell you why the white sell like 10 a key (Yeah!) / They run in ‘tree like 3-6	https://genius.com/Erick-the-architect-self-made-lyrics	"kilo term; num near kilo (10); plausible $K; ""N a key""; price word; drug context"
0.87	2019	Cookie Money	Street Visions	need an ambulance / I'm low-key smokin' weed in a caravan / Thirty for a brick, I ain't never	https://genius.com/Cookie-money-street-visions-lyrics	"kilo term; num near kilo (thirty); plausible $K; ""for a brick""; ""N a key""; other drug"
0.85	0	Emoney X JC (Ft. Sirflexalot)	prada	my bitch, yuh / You know we be pullin' them sticks, yuh / I got twenty fucking thousand for a brick, yuh 	https://genius.com/Emoney-x-jc-prada-lyrics	"kilo term; num near kilo (twenty); plausible $K; ""for a brick""; price word; money unit"
0.85	0	Lil Lyko	Lean	I say that I know things / (Verse 1) / Spend 10 grand on a bitch, spend six on a brick / Smoke	https://genius.com/Lil-lyko-lean-lyrics	"kilo term; num near kilo (six); plausible $K; ""for a brick""; price word; money unit"
0.85	0	Lil Uzi Vert	Freestyle 150 (On My Grind)	your bitch, choppa gonna swerve your man (Bah, bah, bah) / Twenty-bands for a brick, psych, no, that's a	https://genius.com/Lil-uzi-vert-freestyle-150-on-my-grind-lyrics	"kilo term; num near kilo (twenty); plausible $K; ""for a brick""; price word; money unit"
0.85	2016	Benny the Butcher (Ft. 38 Spesh & Conway the Machine)	3 Missiles	the money, then she go get the product / Spent 60 grand on a brick of diesel for dollars / I could	https://genius.com/Benny-the-butcher-3-missiles-lyrics	"kilo term; num near kilo (60 grand); plausible $K; ""for a brick""; price word; money unit"
0.85	2018	Young Scooter	Plug Lingo	nigga, I speak plug lingo / Like how I sell a bird for twenty and they cost three-oh / I know	https://genius.com/Young-scooter-plug-lingo-lyrics	"kilo term; num near kilo (twenty); plausible $K; ""brick for N""; price word; drug context"
0.83	2025	Buani	Kennedy	t assassinate me / Never sold drugs / But if I did, 20 a key / Bad bitch text me / Buani are you	https://genius.com/Buani-kennedy-lyrics	"kilo term; num near kilo (20); plausible $K; ""N a key""; price word"
0.83	2014	Millyz & The Colombians (Ft. Jadakiss)	The Plug Remix	that money short I put these bullets on his [?] / Sixty for the whole thing / Thirty for the half / You ain	https://genius.com/Millyz-and-the-colombians-the-plug-remix-lyrics	"weak kilo term; num near kilo (six); plausible $K; ""for a brick""; ""N a key"""
0.83	2021	Struggle Mike, Black Soprano Family & Smoke Bulga (Ft. Benny the Butcher & Heem B$F)	John Gotti (Remix)	hang around them niggas (I do) / Only thirty for a bird, I know the real dealers (Psh) / Anybody say a	https://genius.com/Struggle-mike-black-soprano-family-and-smoke-bulga-john-gotti-remix-lyrics	"kilo term; num near kilo (thirty); plausible $K; ""for a brick""; ""N a key""; number counts other noun; dup snippet"
0.81	0	Florence Sinclair	Hard food	my business / Yeah / But how much? / Well it's forty grand a key / Forty? / Man loud prices there fam / You	https://genius.com/Florence-sinclair-hard-food-lyrics	"kilo term; num near kilo (forty); plausible $K; ""N a key""; price word; money unit; other drug"
0.81	2021	Jordan (UK)	Daily Duppy	on my knees / 9 grand upfront 6 months on the keys / Next day 9 grand went and fixed up my	https://genius.com/Jordan-uk-daily-duppy-lyrics	"kilo term; num near kilo (6); plausible $K; ""for a brick""; price word; money unit; number counts other noun"
0.78	0	Snap Capone	Catching Them Bodies	in Dior / Talking Giuseppes, I bought the whole store / Took a twenty on a brick, fuck that, hold a ten	https://genius.com/Snap-capone-catching-them-bodies-lyrics	"kilo term; num near kilo (twenty); plausible $K; ""for a brick""; price word"
0.78	2017	Trapp Tarell	Santa the Plug Story	"look, I think Grinch is out here playin foul."" / Your bricks go for 25, he sellin' them for 10 / Only"	https://genius.com/Trapp-tarell-santa-the-plug-story-lyrics	"kilo term; num near kilo (25); plausible $K; ""brick for N""; price word"
0.78	2020	Zaytoven (Ft. OJ da Juiceman, Yung LA & Yung Ralph)	EA LEGENDS	still got the weight (Ayy, ayy, ayy, wait) / No more pain, sold the bricks for twenty-eight (Ayy, ayy, ayy	https://genius.com/Zaytoven-ea-legends-lyrics	"kilo term; num near kilo (twenty-eight); plausible $K; ""brick for N""; price word"
0.75	0	Ice City (Ft. Babyface (UK) & Meechie318)	Street Therapy	the ting at Tracy's, brazy / Re-up on the brick, that's thirty-six, half a brick, eighteen / Walk	https://genius.com/Ice-city-street-therapy-lyrics	"kilo term; num near kilo (eight); plausible $K; ""for a brick""; drug context"
0.75	2015	Dion Lekeith	Pyrex	m hard as a brick / Pyrex / Never put 20 on a key / Still Placed bout a Hunnid on a V	https://genius.com/Dion-lekeith-pyrex-lyrics	"kilo term; num near kilo (20); plausible $K; ""for a brick""; drug context"
0.75	2015	Gucci Mane (Ft. Fetty Wap & Lil Reese)	Still Selling Dope (Remix)	thangs, that's if you really want some work / When a brick was twenty-six, it got me goddamn rich	https://genius.com/Gucci-mane-still-selling-dope-remix-lyrics	"kilo term; num near kilo (twenty-six); plausible $K; ""brick for N""; drug context"
0.73	2010	Doughboyz Cashout	Grind 2 Shine	on some foreign shit / Use to cop hard Oz, hoping for a Brick / 19 years old, I was paying Mortgage	https://genius.com/Doughboyz-cashout-grind-2-shine-lyrics	"kilo term; num near kilo (19); plausible $K; ""for a brick""; price word; drug context; oz/gram nearby; number counts other noun"
0.72	0	Corleone (UK) (Ft. Snap Capone)	Poor Little Rich Kid	get a brick quick / Heard that sniff shit, 35 a brick prick / I can get your brick whipped, a hundred	https://genius.com/Corleone-uk-poor-little-rich-kid-lyrics	"kilo term; num near kilo (35); plausible $K; ""N a key"""
0.72	0	Lil Pump	30 Bitches (2016)	my dick (Thirty) / Thirty bitches (Thirty) on my dick / Forty thousand on a brick / I could never trust a bitch	https://genius.com/Lil-pump-30-bitches-2016-lyrics	"kilo term; num near kilo (forty thousand); plausible $K; ""for a brick""; price word; money unit; price of other thing; number counts other noun"
0.72	0	Rex P	Devon Freestyle	the ivory; / Plus I've got the Guinea link, talking 25 a key / If they ever catch me wid it	https://genius.com/Rex-p-devon-freestyle-lyrics	"kilo term; num near kilo (25); plausible $K; ""N a key"""
0.72	1994	Kokane (Ft. Cold 187um, Dirty Red & KMG the Illustrator)	Aftermath	Or do you wanna die for my Kokane that's 17-5 a ki? / Awww yeah, I sit leanin' on	https://genius.com/Kokane-aftermath-lyrics	"kilo term; num near kilo (17-5); plausible $K; ""N a key"""
0.72	2009	French Montana	Love You Till You're Gone	Canal I get it free, nah it ain't ten a key / Look homey it's 35, I dont know	https://genius.com/French-montana-love-you-till-youre-gone-lyrics	"kilo term; num near kilo (ten); plausible $K; ""N a key"""
0.72	2019	Lil B	BasedWorld Made Man	two for three / I got the verses and they goin' 25 a key / I got a lotta cake / Movie stay	https://genius.com/Lil-b-basedworld-made-man-lyrics	"kilo term; num near kilo (25); plausible $K; ""N a key"""
0.72	2023	D$TAXK	KONY	K THIS WEEK YOU SHOULD TRY IT OUT / OH YOU WANT THE BRICK FOR FORTY YOU GOTTA BUY IT NOW	https://genius.com/D-taxk-kony-lyrics	"kilo term; num near kilo (forty); plausible $K; ""brick for N""; price word; number counts other noun"
0.72	2015	Waka Flocka Flame	Target Practice	you thirtytwo rest for a bird / I could get you twenty three hundred for a bird / Nigga [?] / So you better	https://genius.com/Waka-flocka-flame-target-practice-lyrics	"kilo term; num near kilo (two); implausible value 2; ""for a brick""; ""N a key"""
0.72	2025	Boldy James & RichGains	Custo	blessed me, courtesy of the chef / Still get thirty a key for the Fent' and a extra service free for	https://genius.com/Boldy-james-and-richgains-custo-lyrics	"kilo term; num near kilo (thirty); plausible $K; ""N a key"""
0.67	2000	Drama (Rap)	The Plot	28 grams and an ounce of a thousand and 8 per key / Drop by the music store to holler at	https://genius.com/Drama-rap-the-plot-lyrics	"weak kilo term; num near kilo (8); plausible $K; ""N a key""; price word; money unit; oz/gram nearby"
0.67	0	Young Pacs	Legacy	"sold ""Hold this"" / Told my plug ""I can work with a whole brick"" / Twenty-five grand lick I missed cah"	https://genius.com/Young-pacs-legacy-lyrics	kilo term; num near kilo (twenty-five grand); plausible $K; price word; money unit; drug context
0.67	2016	Friday Ricky Dred (Ft. May (Singer))	After Hours	got her hand / Know I understand / Know I gotta flip a brick and make thirty grand / She know that I	https://genius.com/Friday-ricky-dred-after-hours-lyrics	kilo term; num near kilo (thirty grand); plausible $K; price word; money unit; drug context
0.65	0	Chubbie Baby (Ft. 2 Chainz & Jim Jones)	Thank the Plug	brick at 15 and a half / Now a half a brick cost you 15 and a half / Open up my	https://genius.com/Chubbie-baby-thank-the-plug-lyrics	"kilo term; num near kilo (15); plausible $K; ""brick for N"""
0.65	0	Jeezy	Real Nigga Anthem	Yeah) / That's right, y'all crazy / If these niggas thirty a brick, then I'm eighty / You tell them	https://genius.com/Jeezy-real-nigga-anthem-lyrics	"kilo term; num near kilo (thirty); plausible $K; ""N a key""; number counts other noun"
0.65	0	Pooh-Man (MC POOH)	Niggas Ain't Playin'	d ever find / Treated me like Vaseline, but quick as a fox / Drop a key for 25 like they was	https://genius.com/Pooh-man-mc-pooh-niggas-aint-playin-lyrics	"kilo term; num near kilo (25); plausible $K; ""brick for N"""
0.65	0	Snap Capone	Man Down	"""Don't stop rapping"" they keep telling me / I'm in the hood where the bricks go for thirty"	https://genius.com/Snap-capone-man-down-lyrics	"kilo term; num near kilo (thirty); plausible $K; ""brick for N"""
0.65	2005	D-Block (Ft. Jadakiss)	Yayo	NC like [?] / Jada drop dead if Kiss is fronting / Your bricks cost 24, mine 60 something / Get it today, stack	https://genius.com/D-block-yayo-lyrics	"kilo term; num near kilo (24); plausible $K; ""brick for N"""
0.65	2012	Jadakiss (Ft. Ace Hood & Styles P)	Hustle Like A Muh	muh'fucker / Started with an 8-ball / Ended up with kilos / For the bricks like the louisville players / Rip the	https://genius.com/Jadakiss-hustle-like-a-muh-lyrics	"kilo term; num near kilo (8); plausible $K; ""for a brick"""
0.65	2020	Geny Luv	Oak	d-d-d-d-d-dip / Ay / On my shit thirty dollars on a brick / Ay / Back of the house	https://genius.com/Geny-luv-oak-lyrics	"kilo term; num near kilo (thirty); plausible $K; ""for a brick"""
0.65	2024	RX HECTOR (Ft. YTB Fatt)	Any Occasion	pack touch down like Pat / I spent a twenty on a brick, sent it to Cincinnati, came back with a	https://genius.com/Rx-hector-any-occasion-lyrics	"kilo term; num near kilo (twenty); plausible $K; ""for a brick"""
0.65	2024	Victor Rashad (Ft. Cheeky Banter)	Wartime Ready	minds can experience a little influence / I wanna break down a brick at twenty-four, but I'm soundin' stupid	https://genius.com/Victor-rashad-wartime-ready-lyrics	"kilo term; num near kilo (twenty-four); plausible $K; ""brick for N"""
0.65	2006	Genius traductions françaises	Rick Ross - Hustlin’ (Traduction Française)	cost me twenty-two / Sat it on them 22's, birds go for 22 / Lil' mama super thick, she say	https://genius.com/Genius-traductions-francaises-rick-ross-hustlin-traduction-francaise-lyrics	"kilo term; num near kilo (22); plausible $K; ""brick for N"""
0.65	2007	Rick Ross (Ft. Booba)	Hustlin’ (French Remix)	cost me twenty-two / Sat it on them twenty-twos, birds go for twenty-two / Lil' mama super thick, she	https://genius.com/Rick-ross-hustlin-french-remix-lyrics	"kilo term; num near kilo (twenty-two); plausible $K; ""brick for N"""
0.65	2011	Trick Trick (Ft. Diezel)	Stay On Fire	ain't greedy, just give me me / You could get a half brick for one sixteenth / Who want it? I	https://genius.com/Trick-trick-stay-on-fire-lyrics	"kilo term; num near kilo (one six); plausible $K; ""brick for N"""
0.65	2018	Nines	Same Way	s 4 for a  Key of Amm / Flipping hell got a new chain / Got one for his chick as well	https://genius.com/Nines-same-way-lyrics	"kilo term; num near kilo (4); implausible value 4; ""for a brick""; ""N a key""; number counts other noun"
0.62	2017	Gucci Mane, Boo Banga & Bottle Boyz	Dope	thangs, that's if you really want some work / When a brick was twenty-six, it got me goddamn rich	https://genius.com/Gucci-mane-boo-banga-and-bottle-boyz-dope-lyrics	"kilo term; num near kilo (twenty-six); plausible $K; ""brick for N""; drug context; dup snippet"
0.62	2023	Steve Stacks	Thick N Thin Bass Thumper Remix	ya melon / Fuck ya momma while she yelling / Then flip a half brick for 12-11 / Pump more gas than	https://genius.com/Steve-stacks-thick-n-thin-bass-thumper-remix-lyrics	"kilo term; num near kilo (12-1); plausible $K; ""brick for N""; drug context; other drug"
0.59	2010	Gucci Mane	Dopeman	my work / I got a trick up my sleeve / Got a 5 grand plate quarter / Brick up my sleeve / Niggas	https://genius.com/Gucci-mane-dopeman-lyrics	kilo term; num near kilo (5 grand); plausible $K; price word; money unit; drug context; number counts other noun
0.58	2020	Chance the Rapper (Ft. Lil Wayne & Young Thug)	Instagram Song 8 (CWYN)	my dick (Ah, ah) / Got my shit imported to Dubai for a key (Ah, ah) / Twenty rings on my muhfuckin	https://genius.com/Chance-the-rapper-instagram-song-8-cwyn-lyrics	"kilo term; num near kilo (twenty); plausible $K; ""for a brick""; number counts other noun"
0.58	2023	OODareDevil	42	yeah I punish you / Tris in cup not 42 / Five bricks go for 42 / Wanna fuck, bitches horny too / Hey	https://genius.com/Oodaredevil-42-lyrics	"kilo term; num near kilo (five); plausible $K; ""brick for N""; number counts other noun"
0.58	2025	Benny the Butcher & Daringer (Ft. Westside Gunn)	Jasmine's	ain't buy her shit / Hermes crocodile sandals stepping on a brick (SUPER FLYGOD) / Thirty-six to forty-four, shit	https://genius.com/Benny-the-butcher-and-daringer-jasmines-lyrics	"kilo term; num near kilo (thirty-six); plausible $K; 36 = ounces?; ""for a brick""; price word"
0.55	0	AR-AB (Ft. Nitty)	North 2 West	eat a dick / Bring 32 grand if you need a brick / Call me at the office, if you need a	https://genius.com/Ar-ab-north-2-west-lyrics	kilo term; num near kilo (32 grand); plausible $K; price word; money unit
0.55	2012	DJ Khaled (Ft. Ace Hood, French Montana & Mavado)	Suicidal Thoughts (Remix)	blocks, dark for the have nots (Ha) / My homey turned a hundred grand twenty five bricks (P) / Caught doin a	https://genius.com/Dj-khaled-suicidal-thoughts-remix-lyrics	kilo term; num near kilo (twenty five); plausible $K; price word; money unit
0.55	2013	Doley Bernays	Funerals & Release Dates	that shit / Free Nova G you ain't never seen bricks / Forty wholesale on a hundred grand flips / Luck's	https://genius.com/Doley-bernays-funerals-and-release-dates-lyrics	kilo term; num near kilo (forty); plausible $K; price word; money unit
0.55	2015	Alley Boy (Ft. Mojo (USA))	Counterfeit	with me I’m gonna pull out the chrome / Bought a brand new Bronco honey / 50 grand half a brick	https://genius.com/Alley-boy-counterfeit-lyrics	kilo term; num near kilo (50 grand); plausible $K; price word; money unit
0.55	2015	Alley Boy (Ft. Yung Gwapa)	Rest Of My Life	wanna see me dead, wanna take my life / It’s a like a brick on me / Thirty grand on my	https://genius.com/Alley-boy-rest-of-my-life-lyrics	kilo term; num near kilo (thirty grand); plausible $K; price word; money unit
0.55	2015	Eside Shawty	I'm Rolling	A thousand bricks of mid on a 18 wheeler tractor truck / Plays on a hundred In The hood bitch I	https://genius.com/Eside-shawty-im-rolling-lyrics	kilo term; num near kilo (18); plausible $K; price word; money unit
0.55	2015	Migos	Aight	Ms counting up hundos, aight / Plug said he got  twenty bricks for me / I'm bout to pull up, aight	https://genius.com/Migos-aight-lyrics	kilo term; num near kilo (twenty); plausible $K; price word; drug context
0.55	2018	Dion Lekeith (Ft. Wallah Magic)	How You Trying to Roll	I can beat / Freaky Tah, RIP / Got me feeling like a key / 30 grand I'll pay the fee / Bladder	https://genius.com/Dion-lekeith-how-you-trying-to-roll-lyrics	kilo term; num near kilo (30 grand); plausible $K; price word; money unit
0.55	2018	JayDaYoungan	Wake Up	get off my dick / Stepped out and I look like a brick / Thirty bands, I put that on my wrist	https://genius.com/Jaydayoungan-wake-up-lyrics	kilo term; num near kilo (thirty bands); plausible $K; price word; money unit
0.55	2020	NAV (Ft. Lil Durk)	No Ice	up (Man up) / My brother hit a lick for thirty bricks, coke price went up / Gotta keep a wham-bam	https://genius.com/Nav-no-ice-lyrics	kilo term; num near kilo (thirty); plausible $K; price word; drug context
0.55	2024	Morrisson (Ft. GRM Daily)	Levelled Up (Daily Duppy Pt. 1)	hold my hand / Got a line, I'll give you bricks / Couple grand, a brick of piff / It's twenty	https://genius.com/Morrisson-levelled-up-daily-duppy-pt-1-lyrics	kilo term; num near kilo (twenty); plausible $K; price word; money unit
0.55	2025	Joe Blow & J1Hunnit	Jack History	the plug, he finna sneeze / He just blessed me with a half a brick and twenty Cali P's (Blessed	https://genius.com/Joe-blow-and-j1hunnit-jack-history-lyrics	kilo term; num near kilo (twenty); plausible $K; price word; drug context
0.55	2025	Jon Rich	PAC LIFE	on it / Full racks can’t see my hands / 10 bricks per passenger / Streets cold , gotta feed my fam / Takin	https://genius.com/Jon-rich-pac-life-lyrics	kilo term; num near kilo (10); plausible $K; price word; money unit
0.55	2025	aya staxks (Ft. remilia bandxz)	assist	and he gon' hit you, that's assist / If the bricks go for 75, I'll whip it with my	https://genius.com/Aya-staxks-assist-lyrics	"kilo term; num near kilo (75); ""brick for N""; drug context"
0.55	2023	AK Bandamont	Big Purchase	for the dick and call that shit urgent / Run through a brick, I made twenty-five thousand off a six	https://genius.com/Ak-bandamont-big-purchase-lyrics	kilo term; num near kilo (twenty-five thousand); plausible $K; price word; money unit
0.52	2020	Tripstar	Hop Out	a lot of packs in the suitcase / Trap nigga cooked twenty racks off a mixtape / Brick came in, it was	https://genius.com/Tripstar-hop-out-lyrics	kilo term; num within 50ch (twenty racks); plausible $K; price word; money unit; drug context
0.52	2017	Hall & Nash	Machine Gun Black	lavender and white, eatin' alligator bites / Twenty racks, get a half a key tonight (Woah) / Ayo, connect got 'em half	https://genius.com/Hall-and-nash-machine-gun-black-lyrics	kilo term; num within 50ch (twenty racks); plausible $K; price word; money unit; drug context
0.52	2020	RJ Lamont (Ft. Rio Da Yung OG & RMC Mike)	What Up RJ	in the loft today / Thirty racks on me, I sold a half a brick of soft today / Me, Mike, and	https://genius.com/Rj-lamont-what-up-rj-lyrics	kilo term; num within 50ch (thirty racks); plausible $K; price word; money unit; drug context
0.50	2011	Lil' Kim	Racks	spittin candy bars then it's fucking Pay Day / Quarter brick, half a brick, whole brick, ayy! / 20 bricks apiece	https://genius.com/Lil-kim-racks-lyrics	kilo term; num near kilo (20); plausible $K; apiece; price word; number counts other noun
0.50	2013	Chief Keef	Almighty So Intro	so you know that I'ma fuck it up / Got a verse for a key, twenty for a pound of	https://genius.com/Chief-keef-almighty-so-intro-lyrics	"kilo term; num near kilo (twenty); plausible $K; ""for a brick""; other drug"
0.47	2008	Gucci Mane	Crowd In Rage	the stage / Crumb Gucci Mane, the hottest rapper in the A / Sellin' plenty yay, movin' twenty bricks a day / I	https://genius.com/Gucci-mane-crowd-in-rage-lyrics	kilo term; num near kilo (twenty); plausible $K; price word; drug context; number counts other noun
0.47	2019	Blacc Cuzz	Intro	fu** em who stopping me / And my pinky ring cost 30 racks a whole key to me / I’m in	https://genius.com/Blacc-cuzz-intro-lyrics	kilo term; num near kilo (30 racks); plausible $K; price word; money unit; number counts other noun
0.47	2018	Philthy Rich (Ft. Sada Baby)	Robin Hood	On the turnaround, nigga, me and Smoke (Turnaround) / Ten years for a key of coke (Thirty-six) / They flick they	https://genius.com/Philthy-rich-robin-hood-lyrics	"kilo term; num near kilo (thirty-six); plausible $K; 36 = ounces?; ""for a brick""; drug context; number counts other noun"
0.47	2021	10TA Lil A (Ft. MGM Dave & Rio Da Yung OG)	Meals on Wheels	my first K it had a clip in it / Do a mixtape for forty racks and buy a brick with	https://genius.com/10ta-lil-a-meals-on-wheels-lyrics	kilo term; num near kilo (forty racks); plausible $K; price word; money unit; number counts other noun
0.44	2013	XV	Canned Laughter	wrap 100’s in bands / The real square root of a key, is 32 grams / But when did I expect	https://genius.com/Xv-canned-laughter-lyrics	kilo term; num near kilo (32 g); plausible $K; price word; money unit; oz/gram nearby
0.44	2020	E-40 (Ft. Stresmatic)	Slices	Strips?) / There's 28 bones in a pack of dominoes / A thousand grams in a kilo / Eight pawns on a	https://genius.com/E-40-slices-lyrics	kilo term; num near kilo (eight); plausible $K; price word; money unit; oz/gram nearby
0.42	0	Backbone (Ft. Killer Mike)	Sho' Ya Right	on the bean, cut clean / I'll bring you the whole thing for 18 / They look to Back for the	https://genius.com/Backbone-sho-ya-right-lyrics	"weak kilo term; num near kilo (18); plausible $K; ""brick for N"""
0.42	0	Conway the Machine & Benny the Butcher (Ft. 38 Spesh & Stove God Cooks)	LALO (Original)	say that they need to get they shit together / Runnin; twenty deep, can't buy a brick together / 'Cause they	https://genius.com/Conway-the-machine-and-benny-the-butcher-lalo-original-lyrics	kilo term; num near kilo (twenty); plausible $K; price word
0.42	0	Pusha T	Speakers Going Hammer	niggers free to go / It was all good just a key ago / Price for the 20 all i need to	https://genius.com/Pusha-t-speakers-going-hammer-lyrics	kilo term; num near kilo (20); plausible $K; price word
0.42	0	Trapstar Toxic	Life I Live	You see me, I don't watch face / Eyes on a brick, thirty-six times twenty-eight / That's the	https://genius.com/Trapstar-toxic-life-i-live-lyrics	"kilo term; num near kilo (thirty-six); plausible $K; 36 = ounces?; ""for a brick"""
0.42	2008	Bun B (Ft. Kobe Honeycutt & Mddl Fngz)	Another Soldier	Open up the door, nigga standin' like shit / 15 full bricks, same price for a hit / Nigga I done done	https://genius.com/Bun-b-another-soldier-lyrics	kilo term; num near kilo (15); plausible $K; price word
0.42	2015	C Biz	The Games Mine (Full)	less / Fuck a 10 I'm in the den / I sell a brick I'm makin 10 / Free my little	https://genius.com/C-biz-the-games-mine-full-lyrics	kilo term; num near kilo (10); plausible $K; price word
0.42	2015	Genius Brasil	Lançamentos de Rap 2015	Lab / 21.08: Mick Jenkins - Wave[s] / 21.08: Sean Price - Songs In the Key of Price / 28.08: The	https://genius.com/Genius-brasil-lancamentos-de-rap-2015-lyrics	kilo term; num near kilo (8); plausible $K; price word
0.42	2018	Azizi Gibson	Trap Reaper Parody	shit 'cause I'm rich / Pardon me I just bought a key / 12-6 watch that bitch flee / 10-4	https://genius.com/Azizi-gibson-trap-reaper-parody-lyrics	kilo term; num near kilo (12-6); plausible $K; price word
0.42	2022	OHGEESY	Gallery	the hips / Bought her two BBLs and it cost a brick / Dropped a twenty ball in Gallery Department / Spent a	https://genius.com/Ohgeesy-gallery-lyrics	kilo term; num near kilo (twenty); plausible $K; price word
0.42	2022	al.divino (Ft. BoriRock, BRAVDON & SHAYKH HANIF)	DRYWALL	the game fucked up when the prices is low (Brrt) / A brick like twenty-eight, I used to charge thirty	https://genius.com/Aldivino-drywall-lyrics	kilo term; num near kilo (twenty-eight); plausible $K; price word
0.42	2025	Nino Toka	Sexyy Red	know how to get paid, where the fuck you going / Bust a brick twenty ways, now it's fucking snowing 	https://genius.com/Nino-toka-sexyy-red-lyrics	kilo term; num near kilo (twenty); plausible $K; price word
0.42	2014	Rick Ross (Ft. Fat Trel, French Montana, Gunplay, Rockie Fresh, Tracy T & Wale)	Finals 2	humans / 17 fire, what the fuck was you doin'? / Your bricks were 30 apiece and 28 if you knew him	https://genius.com/Rick-ross-finals-2-lyrics	kilo term; num near kilo (30); plausible $K; apiece
0.42	2023	DJ Kay Slay (Ft. BILLBOARD BABY, China Mac, DJ Paul, E-Class Hoodies, E. Ness, Jakk Frost, Kaflow Kaboom, Majesty (Live Squad), Neek the Exotic, O.C., PT Capone, Termanology, Tony Moxberg, Wais P & Young Poppa Hoodies)	Rolling 200 Deep X	No feeling! / Big guns under the chin, paint ceiling / Twenty bricks, quarter a piece, half million / Run in your crib	https://genius.com/Dj-kay-slay-rolling-200-deep-x-lyrics	kilo term; num near kilo (twenty); plausible $K; apiece
0.42	2025	Day1 Lil Willie (Ft. Baby Kia & Baby Krank)	Crank Up	fifty more bricks / Balling like a bitch with all these bricks / Dropped a piece up in the Draco, this bitch	https://genius.com/Day1-lil-willie-crank-up-lyrics	kilo term; num near kilo (fifty); plausible $K; apiece
0.42	1997	Remedy Ross	Everything is Real	beyond regional doubt / The stash house, next crash house / The thirty six Z's for a brick in the smash	https://genius.com/Remedy-ross-everything-is-real-lyrics	"kilo term; num near kilo (thirty six); plausible $K; 36 = ounces?; ""for a brick"""
0.42	2025	Shy Glizzy	Scarred 4L	m tryna have another kid / By the time I was twenty-five, I already sold a hundred bricks / Oops, I	https://genius.com/Shy-glizzy-scarred-4l-lyrics	kilo term; num near kilo (twenty-five); plausible $K; price word
0.39	0	Nephew100 (Ft. Jose Guapo)	Aint Going Broke	t been broke since 06 / Plug called, I need more bricks / [?] go fish / [?] for the [?] / Tryna get the money, nigga	https://genius.com/Nephew100-aint-going-broke-lyrics	kilo term; num within 50ch (06); plausible $K; price word; drug context
0.39	2017	Gucci Mane	Smiling in the Drought	legit / Soon as I got that 20 mil I bought a thousand bricks / Bought my bitch a dog named Dollar	https://genius.com/Gucci-mane-smiling-in-the-drought-lyrics	kilo term; num within 50ch (20); plausible $K; price word; money unit
0.39	2019	Genius English Translations	Скриптонит (Scriptonite) - Колёса (Kolesa) (English Translation)	twenty / Twenty or fewer grand on all cases and kicks / Grand on «once upon a time» / This brick could be	https://genius.com/Genius-english-translations-scriptonite-kolesa-english-translation-lyrics	kilo term; num within 50ch (twenty); plausible $K; price word; money unit
0.39	2019	The Plug (Ft. Anine (UK), Polo G & Swarmz)	Telescope	Trap jump like 23 / I just re-repeat / I just sold a key / All these notes on me / Your life	https://genius.com/The-plug-telescope-lyrics	kilo term; num within 50ch (23); plausible $K; price word; drug context
0.39	2019	YG (Ft. Arin Ray, Meek Mill & Rose Gold)	Heart 2 Heart	me at least twenty times / He in the hood selling bricks, tryna flip a nine / Got locked, went up for	https://genius.com/Yg-heart-2-heart-lyrics	kilo term; num near kilo (nine); plausible $K; drug context
0.39	2020	Kevin Gates	Wonderland	bitty bitch / Flip four hunnid like back from the touchdown / Twenty to a brick like damn it's me / Your	https://genius.com/Kevin-gates-wonderland-lyrics	kilo term; num near kilo (twenty); plausible $K; drug context
0.39	2021	YG Teck (Ft. Pooh Shiesty)	Trap Mode	clippin', I done got my phone up (Bang) / I made a buck-thirty off a brick of coke in a	https://genius.com/Yg-teck-trap-mode-lyrics	kilo term; num near kilo (thirty); plausible $K; drug context
0.39	2025	DJ Vlad	Ali Siddiq on Finding Out His Father Smoked C***k After Dad Got Robbed	"drug dealer. And I'm like, ""Oh, let's buy a kilo together."" So I gave him 17 thousand. He"	https://genius.com/Dj-vlad-ali-siddiq-on-finding-out-his-father-smoked-ck-after-dad-got-robbed-annotated	kilo term; num within 50ch (17 thousand); plausible $K; price word; money unit
0.39	2010	Yo Gotti (Ft. Starlito, Waka Flocka Flame & Zed Zilla)	Blow Your Ass Off	Im a dope boy Im a whole brick quoter / Mister eighteen-five mister mix it with the soda / Mister shoot	https://genius.com/Yo-gotti-blow-your-ass-off-lyrics	kilo term; num near kilo (eight); plausible $K; drug context
0.39	2023	Mesci (Ft. Levy Da Don & Smoooth)	What I Need	my dope boy tee / I need a plug who got bricks for the low / If I sell 10 more / He	https://genius.com/Mesci-what-i-need-lyrics	kilo term; num within 50ch (10); plausible $K; price word; drug context
0.39	2025	Sematary	Gucci Mane - GUCCI THE ESKIMO (SEMATARY HAPPY WHEELS REMIX)	I sold bricks for real, them white dragons / Sixteen to twenty-two-five, I'm high taxin' / Depends on what	https://genius.com/Sematary-gucci-mane-gucci-the-eskimo-sematary-happy-wheels-remix-lyrics	kilo term; num within 50ch (six); plausible $K; price word; drug context
0.39	2013	Ace Hood (Ft. Future, Rick Ross & Trae tha Truth)	Bugatti (Trae tha Truth Remix)	struggle now she livin' carefree / That's why I hustle for half a key that's 12 G's / I	https://genius.com/Ace-hood-bugatti-trae-tha-truth-remix-lyrics	kilo term; num near kilo (12 g's); plausible $K; money unit
0.39	2013	E-40	Got That Line	soup, not chicken broth / Promethazine, no cough; six-fifty with a brick of boat cost / If coke cost too much	https://genius.com/E-40-got-that-line-lyrics	kilo term; num near kilo (six-fifty); plausible $K; drug context
0.39	2017	Shakewell	Voodoo Walk	my soul / Blocks hot, Glock cocked, two hits from the forty-five / Sniffed a key of coke, now my boogers	https://genius.com/Shakewell-voodoo-walk-lyrics	kilo term; num near kilo (forty-five); plausible $K; drug context
0.39	2025	Joe Green, OJ da Juiceman & Yung Ralph (Ft. Nard & B)	Like Me	starter but I get it out the pinch / Cost me forty-two thousand for a whole brick of fent / It	https://genius.com/Joe-green-oj-da-juiceman-and-yung-ralph-like-me-lyrics	kilo term; num within 50ch (forty-two thousand); plausible $K; price word; money unit
0.36	2002	50 Cent (Ft. G-Unit)	Whoo Kid Freestyle	Fucking Arabs just ran the fucking planes into the building / The coke price went up 10 grand this fucking week 	https://genius.com/50-cent-whoo-kid-freestyle-lyrics	weak kilo term; num near kilo (10 grand); plausible $K; price word; money unit; drug context; number counts other noun
0.35	0	Geez Francisco	Backporch Geez	beats the ribs crack when I speak / Every sixteen is a key / Sold marijuana for a couple weeks, used to	https://genius.com/Geez-francisco-backporch-geez-lyrics	kilo term; num near kilo (six); plausible $K; price word; number counts other noun
0.35	2011	Pusha T	Speakers Going Hammer (Freestyle)	niggas free to go / It was all good just a key ago / Price for the 20 all I need to	https://genius.com/Pusha-t-speakers-going-hammer-freestyle-lyrics	kilo term; num near kilo (20); plausible $K; price word; number counts other noun
0.35	2019	Conway the Machine	The Basement	Naw, none of that shit) / Y'all niggas 17, sellin' a key a day (Uh-huh) / Jack-boys jumpin' out	https://genius.com/Conway-the-machine-the-basement-lyrics	kilo term; num near kilo (17); plausible $K; price word; number counts other noun
0.35	2025	Bryan Ferry & Amelia Barratt	Demolition	turn / With each day that passed / In one day fifty bricks were unstuck / Eventually the mortar chipped off / The buyer	https://genius.com/Bryan-ferry-and-amelia-barratt-demolition-lyrics	kilo term; num near kilo (fifty); plausible $K; apiece; number counts other noun
0.35	2020	Peezy (Ft. Mack Nickels & Polo)	Get Paid	least a half a key (Sixteen) / I swear I seen a ticket, that's speakin' modestly (Modestly) / Niggas get a	https://genius.com/Peezy-get-paid-lyrics	kilo term; num near kilo (six); plausible $K; price word; number counts other noun
0.32	0	J $tash	Nuthin'	your porch / Dope money, coming in, coming out / Thirty bricks a day, bitch we ain't running out / Been a	https://genius.com/J-stash-nuthin-lyrics	kilo term; num near kilo (thirty); plausible $K; drug context; number counts other noun
0.32	2014	J $tash (Ft. A$AP ANT)	Nuthin Remix	porch / Do-Dope money coming in coming out / Thirty bricks a day bitch we ain't running out / Been a	https://genius.com/J-stash-nuthin-remix-lyrics	kilo term; num near kilo (thirty); plausible $K; drug context; number counts other noun
0.32	2015	Jadakiss (Ft. Styles P)	Synergy	Benz truck) / When I was 19, I said I could sell a key a day / (It ain't hard work	https://genius.com/Jadakiss-synergy-lyrics	kilo term; num within 50ch (19); plausible $K; price word; drug context; number counts other noun
0.32	2016	Gatos Comuneros	Hello	ozone (Hello) / This Scorpio Sub Zero / 27 years old, worth a thousand Kilos / Belenciaga Records esos son los mios (hello	https://genius.com/Gatos-comuneros-hello-lyrics	kilo term; num within 50ch (27); plausible $K; price word; money unit; number counts other noun
0.32	1993	DJ Sound (Ft. Dirty Red (Da Don))	Campaigning	in my hand I shot the fan from the ceilin' / Twenty-two G's, five Ki's, now I'm	https://genius.com/Dj-sound-campaigning-lyrics	kilo term; num near kilo (five); plausible $K; money unit; number counts other noun
0.29	2011	Trae tha Truth (Ft. Meek Mill & Pusha T)	So Far To Go	of Hard Knocks, made the honor roll / 7 grams to a key, I was on a roll / Haters couldn't	https://genius.com/Trae-tha-truth-so-far-to-go-lyrics	kilo term; num near kilo (7 g); plausible $K; drug context; oz/gram nearby
0.28	0	Al-D (Ft. Lil' Keke)	Hurtin Inside	And this K-I-N-G, has potential to be / A lock and a key, my 20/20 can see	https://genius.com/Al-d-hurtin-inside-lyrics	kilo term; num near kilo (20); plausible $K
0.28	0	Bookey & El Fetti	Friendly Reminder	grew / What the buiness be, Fuck you talking bout? / A whole thing for 10 pounds, we can swap it out	https://genius.com/Bookey-and-el-fetti-friendly-reminder-lyrics	"weak kilo term; num near kilo (10); plausible $K; ""brick for N""; other drug"
0.28	0	Christopher Evans	Cycles in Nature	the maintenance of oxygen concentration in the atmosphere, at approximately 20%. It is also a key process by which carbon	https://genius.com/Christopher-evans-cycles-in-nature-annotated	kilo term; num near kilo (20); plausible $K
0.28	0	D.I.T.C. (Ft. Big Pun & KRS-One)	Drop It Heavy (Buckwild Remix)	s for the Range but I got 'em down / To twenty and a brick, now I'm out wit this	https://genius.com/Ditc-drop-it-heavy-buckwild-remix-lyrics	kilo term; num near kilo (twenty); plausible $K
0.28	0	Jay Weezy	Smile	gyal if my mouth's full of lip gloss / Only twenty-two and twenty-two's what the brick costs 	https://genius.com/Jay-weezy-smile-lyrics	kilo term; num near kilo (twenty-two); plausible $K
0.28	0	Lindsay Little	Perception of the X	"devout and vertical / Beguiled the world. / He opened us — / Who was a key. / Who was a man."" (1968) / August 7"	https://genius.com/Lindsay-little-perception-of-the-x-annotated	kilo term; num near kilo (19); plausible $K
0.28	0	OJ da Juiceman & Project Pat	Burglar Bars	to cook in my kitchen / Check in my invintory, 20 bricks dropped in / Arm and Hammer baking soda, get your	https://genius.com/Oj-da-juiceman-and-project-pat-burglar-bars-lyrics	kilo term; num near kilo (20); plausible $K
0.28	0	Pimp C	True Story	push bricks / So I hit the fuckin' slab for the 16.5 / Fuck scorin' at the crib cause that shit	https://genius.com/Pimp-c-true-story-lyrics	kilo term; num near kilo (16.5); plausible $K
0.28	0	Teebone (Ft. God's Gift)	MIC Tribute Update	True killa bees, never ever cease / 'Cause originality is the key / A tribute to 21 MCs / Who mash up the	https://genius.com/Teebone-mic-tribute-update-lyrics	kilo term; num near kilo (21); plausible $K
0.28	0	Tim Minchin	Fat Children	just gets short of breath / Cause he's thirty-five kilos above the ideal weight / Of thirty-five kilos for	https://genius.com/Tim-minchin-fat-children-lyrics	kilo term; num near kilo (thirty-five); plausible $K
0.28	1993	UGK	Pocket Full of Stones (Port Arthur Remix)	mine / Got my money totaled for a big time spree / 17-5, I got a bird - yeah key! / Put my	https://genius.com/Ugk-pocket-full-of-stones-port-arthur-remix-lyrics	kilo term; num near kilo (17-5); plausible $K
0.28	2008	OJ da Juiceman (Ft. Gucci Mane)	Good Night	that street life / VVS diamonds, everybody say goodnight / Twenty bricks a night made your girl say goodnight / Twenty bricks a	https://genius.com/Oj-da-juiceman-good-night-lyrics	kilo term; num near kilo (twenty); plausible $K
0.28	2013	Jeremy J. Vaudo , Michael R. Heithaus	Microhabitat Selection	organism's physiology, however, is environmental temperature because it is a key determinant of physiological performance within poikilothermic organisms [15	https://genius.com/Jeremy-j-vaudo-michael-r-heithaus-microhabitat-selection-by-marine-mesoconsumers-in-a-thermally-heterogeneous-habitat-behavioral-thermoregulation-or-avoiding-predation-risk-annotated	kilo term; num near kilo (15); plausible $K
0.28	2014	Eddie Perfect (Ft. Jolyon James, Shane Jacobson & Shane Warne the Musical Company)	Run	Now would you take a look at me? / Saints jumper number twenty-three / A brick shithouse of an opponent / I	https://genius.com/Eddie-perfect-run-lyrics	kilo term; num near kilo (twenty-three); plausible $K
0.28	2014	Lil Durk	Feds Listenin'	"let's do it, say no more"" / ""I got 10 bricks for you, let's get it"" / I heard the"	https://genius.com/Lil-durk-feds-listenin-lyrics	kilo term; num near kilo (10); plausible $K
0.28	2015	£R MMF (Ft. C Biz)	The Game's Mine	less / Fuck a 10 I'm in the den / I sell a brick I'm makin 10 / Free my little	https://genius.com/R-mmf-the-games-mine-lyrics	kilo term; num near kilo (10); plausible $K; price word; dup snippet
0.28	2016	Tacocat	I Hate the Weekend	job / Just to act like a fucking slob / Save 16 bricks for the façade / I hate the weekend / I hate	https://genius.com/Tacocat-i-hate-the-weekend-lyrics	kilo term; num near kilo (16); plausible $K
0.28	2017	MLK+ (Ft. Ameriqa, May Wave$, O.T & Ploty)	Thank God My Bitch Bad	- Да / - Да? / - Да-да, с ключами / I get a key, угу / Ей 21, но не Savage / Отличница любит, чтоб	https://genius.com/Mlk-thank-god-my-bitch-bad-lyrics	kilo term; num near kilo (21); plausible $K
0.28	2018	Lil Baby & Gunna	Business Is Business	got on Soldier Re's, they're classics / I got a 31 doin' gymnastics / I sold a brick, it was	https://genius.com/Lil-baby-and-gunna-business-is-business-lyrics	kilo term; num within 50ch (31); plausible $K; price word
0.28	2019	Hamza (Ft. 13 Block)	Clic clac	ken en boucle / Puis j'la tej en route / Là c'est Saucegod, 13 Blo / Chop bricks sur l'tempo	https://genius.com/Hamza-clic-clac-lyrics	kilo term; num near kilo (13); plausible $K
0.28	2019	Mustard & Migos	Pure Water	coast 6-4 jump like a trampoline (6-4) / Take a brick out, put it on a triple beam (Brick	https://genius.com/Mustard-and-migos-pure-water-lyrics	kilo term; num near kilo (6-4); plausible $K
0.28	2019	Peso Peso (Ft. SSG Splurge)	No Names	t get up / I was 16 when I was pickin bricks up / Nigga want grease, hit your whole clique up	https://genius.com/Peso-peso-no-names-lyrics	kilo term; num near kilo (16); plausible $K
0.28	2019	SSG Splurge (Ft. Peso Peso)	No Names	up (Blaw, blaw) / I was sixteen when I was pickin' bricks up / Nigga want grease, hit yo' whole clique up	https://genius.com/Ssg-splurge-no-names-lyrics	kilo term; num near kilo (six); plausible $K
0.28	2020	Benny the Butcher	3:30 in Houston	Yeah, extra twenty off a brick / Those the benefits of a drought, nigga / I can't even sit on a	https://genius.com/Benny-the-butcher-3-30-in-houston-lyrics	kilo term; num near kilo (twenty); plausible $K
0.28	2020	FredRarrii (Ft. Moneybagg Yo)	Hellcat	and tell that (Yeah) / Thirty on my wrist, that's a brick (Check) / Twenty in Hermes on my chick (Check	https://genius.com/Fredrarrii-hellcat-lyrics	kilo term; num near kilo (twenty); plausible $K
0.28	2020	Freeze Corleone (Ft. Stavo)	Numérologie	dépassé le quart et la moitié depuis, trois fois, nonante kilos / Formation 9.3 (ekip), sur la liste : neuf proies	https://genius.com/Freeze-corleone-numerologie-lyrics	kilo term; num near kilo (9.3); plausible $K
0.28	2020	Tee Grizzley (Ft. Payroll Giovanni)	Payroll	"to stay, I told the bitch, ""Leave"" / This watch over thirty K, this a brick sleeve / This some small beneficial"	https://genius.com/Tee-grizzley-payroll-lyrics	kilo term; num near kilo (thirty); plausible $K
0.28	2020	Trinder (Ft. DEEZY®400)	Baddie	just hit a lick / I ain’t hit one in a bit / Got a 40 with a key / I intend	https://genius.com/Trinder-baddie-lyrics	kilo term; num near kilo (40); plausible $K
0.28	2021	Genius English Translations	ZEU - 2X FEAT. SOUL6 (English Translation)	plan at least 2 catches / X2 filtered, bitch, need the kilo for 2.4 / Need the kilo for 2.4	https://genius.com/Genius-english-translations-zeu-2x-feat-soul6-english-translation-lyrics	"kilo term; num near kilo (2.4); implausible value 2.4; ""brick for N"""
0.28	2021	Icewear Vezzo	Live In STL	with that thirty on it, he do the jumping jacks / Sold a brick, took a basket out it, gave a	https://genius.com/Icewear-vezzo-live-in-stl-lyrics	kilo term; num within 50ch (thirty); plausible $K; price word
0.28	2021	Icewear Vezzo (Ft. Future)	Tear the Club Up	a curb (Skrrt) / Rollie blown and it's Audemars, this cost me thirty birds (Cost me thirty birds) / Told my	https://genius.com/Icewear-vezzo-tear-the-club-up-lyrics	kilo term; num near kilo (thirty); plausible $K
0.28	2021	Joell Ortiz	In My Feelings	I'm weaving 'em let's begin / In '07 the Brick dropped, Hip Hop made a pit stop / On this	https://genius.com/Joell-ortiz-in-my-feelings-lyrics	kilo term; num near kilo (07); plausible $K
0.28	2021	ghostsinaloa (Ft. Savoke)	In The Morning (Lookin 2)	wrist (On the wrist) / On the wrist yea that shit cost a brick (Cost a brick) / 9 to 5, yea	https://genius.com/Ghostsinaloa-in-the-morning-lookin-2-lyrics	kilo term; num near kilo (9); plausible $K
0.28	2022	Drego & Beno	Provolone	the game, he play for the Mets / Could make one-twenty off a brick, yeah, I'm a vet / Bitch	https://genius.com/Drego-and-beno-provolone-lyrics	kilo term; num near kilo (one-twenty); plausible $K
0.28	2022	SpliffJit	Never Liked Me	my shit together) / Fuck a twenty-eight, put me a brick together (Put a brick together) / Go half on a	https://genius.com/Spliffjit-never-liked-me-lyrics	kilo term; num near kilo (twenty-eight); plausible $K
0.28	2023	Big Daddy Marc	Dreams and Nightmares	s beef, I turn my enemies to memories / With them bricks they go for 40, ain't no 10 a	https://genius.com/Big-daddy-marc-dreams-and-nightmares-lyrics	kilo term; num near kilo (40); plausible $K
0.28	2024	Mook TBG (Ft. P3k On 1Thou)	Google a Million (Remix)	My hood been dry for so long (Yes) / He need a brick, he need a brick / Twenty-five ki's	https://genius.com/Mook-tbg-google-a-million-remix-lyrics	kilo term; num near kilo (twenty-five); plausible $K
0.28	2024	Redman, Naughty By Nature & Queen Latifah (Ft. Artifacts, Channel Live, Heather B., Lady Luck, Lords of the Underground, Nikki D, Rah Digga & Shaquille O'Neal)	Lite It Up	get rich over 16's (Let's go) / I never sold a brick, but The Bricks' on my back / So	https://genius.com/Redman-naughty-by-nature-and-queen-latifah-lite-it-up-lyrics	kilo term; num within 50ch (16); plausible $K; price word
0.28	2024	Tommy Cash	HIGH FASHION	action, high… (Ooouh) / Diet, I'm on a diet / 40 kilos for my client / A hare, hare, hare / Fly to	https://genius.com/Tommy-cash-high-fashion-lyrics	kilo term; num near kilo (40); plausible $K
0.28	2024	Woodboy Gee	Mind Body and Soul	a brick, I'ma just cut the corner and serve a twenty-eight (It's a brick) / Drive-thru, twenty	https://genius.com/Woodboy-gee-mind-body-and-soul-lyrics	kilo term; num near kilo (twenty-eight); plausible $K
0.28	2024	cxupsean	Trapn early	This extendo mag, I know this shit hold more than thirty / Chop a brick, bag it up, that's a	https://genius.com/Cxupsean-trapn-early-lyrics	kilo term; num near kilo (thirty); plausible $K
0.28	2025	OzzCash	Hardest Way	lizzy trapping, doing bits and bobs / Yeah, my uncle got a twenty selling bricks of tops / So I watch out	https://genius.com/Ozzcash-hardest-way-lyrics	kilo term; num near kilo (twenty); plausible $K
0.28	2006	Bootleg (Ft. Top Authority)	Knock, Knock	to GA / Got to see my (???) / Nigga, I hit a lick / Came up on 14 bricks / We're the shit /  	https://genius.com/Bootleg-knock-knock-lyrics	kilo term; num near kilo (14); plausible $K
0.28	2012	Rick Ross	Pirates	get richer than Trump / I'm rollin' the dice, four, five, six / Young nigga, nineteen, four or five bricks / Prayin	https://genius.com/Rick-ross-pirates-lyrics	kilo term; num near kilo (five); plausible $K
0.28	2013	Fredo Santana (Ft. Capo (GBE) & Shorty Six)	Get Em In The Drought	Get them birds coming in and they coming out / 8 for key, he want a 8 for key / You talking	https://genius.com/Fredo-santana-get-em-in-the-drought-lyrics	kilo term; num near kilo (8); plausible $K
0.28	2016	Boosie Badazz (Ft. Lil Durk & Young Thug)	Choppers N Gunz (Remix)	top, I don't need sex / And when I seen a brick it was summer of 06 / I flooded out	https://genius.com/Boosie-badazz-choppers-n-gunz-remix-lyrics	kilo term; num near kilo (06); plausible $K
0.28	2016	Flowz Dilione	Dreamchasers	Cut down some lemon trees, went and made lemonade / Ninety for seven, three hundred for twenty-eight / Birds go for	https://genius.com/Flowz-dilione-dreamchasers-lyrics	kilo term; num near kilo (twenty-eight); plausible $K
0.28	2024	glass beach	guitar song	Twenty-eight birds go along for a walk / Twenty-six birds tug the wheat from the stalk / Twenty-four birds	https://genius.com/Glass-beach-guitar-song-lyrics	kilo term; num near kilo (twenty-six); plausible $K
0.28	1992	Kilo Ali	Kilo Is The Man	he do not play / Funky funky DJ from Atlanta GA / Kilo was born in nineteen seventy-tree / And now they	https://genius.com/Kilo-ali-kilo-is-the-man-lyrics	kilo term; num near kilo (nine); plausible $K
0.28	2012	Inglourious Bastardz (Ft. 10vers, Amanite, Furax Barbarossa, Jeff Le Nerf, M-etik, Neka & Swift Guad)	Inglourious	et chaud comme Spirito et Carbone / Tropico et Calzone, 10 kilos c'est aç-comme / Ça joue les bonhommes pourtant	https://genius.com/Inglourious-bastardz-inglourious-lyrics	kilo term; num near kilo (10); plausible $K
0.28	2013	Meek Mill	Kendrick You Next	low / And I'm like a brick of Diesel, it cost 60 for the flow / You ain't a gangsta	https://genius.com/Meek-mill-kendrick-you-next-lyrics	kilo term; num near kilo (60); plausible $K
0.28	2015	Sam's	Darknight	Argent sale on reste des salauds / Fort dans les calculs, quand il faut se refaire 30 kilos c'est ballot /  	https://genius.com/Sams-darknight-lyrics	kilo term; num near kilo (30); plausible $K
0.28	2016	AR-AB	All The Way Up (Freestyle)	It's a long story with 33 chapters / Quarter brick, half a brick, quarters for cheap / If you're a	https://genius.com/Ar-ab-all-the-way-up-freestyle-lyrics	kilo term; num near kilo (33); plausible $K
0.28	2016	Trouble	Countdown	that on your head, you playin’ / Six times six, that thirty-six, but don’t give a brick / That seven	https://genius.com/Trouble-countdown-lyrics	kilo term; num near kilo (seven); plausible $K
0.28	2019	Kaos (UK) (Ft. Fredo)	Take Risks	the shower I’m drip dressing / 'Bout 20 man was brick pressing, that ain’t nothing like a gym session	https://genius.com/Kaos-uk-take-risks-lyrics	kilo term; num near kilo (20); plausible $K
0.28	2019	Snap Capone (Ft. S Wavey)	Riviera Riding	unwrapped a fucking bird? / The streets turned the boy into a man quick / Forty-five hollows in a man's	https://genius.com/Snap-capone-riviera-riding-lyrics	kilo term; num near kilo (forty-five); plausible $K
0.28	2019	TLZ Clan	Moment d'amour	grave parano Tony a tué Many / Plus de 60 kilos c'est le bilan de l'année / Mais c'est	https://genius.com/Tlz-clan-moment-damour-lyrics	kilo term; num near kilo (60); plausible $K
0.28	2020	NAREK	Mijn Verhaal	halen dan / Twaalf jaar en ik voelde me dik, 60 kilo was een echte schrik / Nu ben ik in de	https://genius.com/Narek-mijn-verhaal-lyrics	kilo term; num near kilo (60); plausible $K
0.28	2020	Stove God Cooks & Roc Marciano	Rolls Royce Break Lights	patience is a virtue (Patience is a virtue) / God is a alien, pour it from a bird view / Thirty-two	https://genius.com/Stove-god-cooks-and-roc-marciano-rolls-royce-break-lights-lyrics	kilo term; num near kilo (thirty-two); plausible $K
0.28	2021	Soulja Boy	What You Heard?	like Vince Carter / Swim just like six-feet-deep water / Twenty-five bricks, that's a new quarter / Cook the	https://genius.com/Soulja-boy-what-you-heard-lyrics	kilo term; num near kilo (twenty-five); plausible $K
0.28	2022	French Montana, Stove God Cooks & DJ Drama (Ft. Coke Boy Cheeze)	Intro	view (View), Whoopi Goldberg / A hundred for an eight, about a quarter for the whole bird (Whole bird) / Thirty million	https://genius.com/French-montana-stove-god-cooks-and-dj-drama-intro-lyrics	kilo term; num near kilo (thirty); plausible $K
0.28	2023	Harry Carter (Ft. Favi, ReezyBag & Zayy The Dino)	OVBERE	on my neck, that shit gon' cost you / Swear like half a brick, 'fore I turned 21 I was fuckin	https://genius.com/Harry-carter-ovbere-lyrics	kilo term; num near kilo (21); plausible $K
0.28	2024	hako	TROUBLE. (PROD VENNY)	those / I’on like yo block, I just spin back / Twenty [birds?] for a [chair?] thats a V-neck / Wheres	https://genius.com/Hako-trouble-prod-venny-lyrics	kilo term; num near kilo (twenty); plausible $K
0.28	2025	Esham	30 Gucci Purses	up that's what the word is / Thirty Gucci bags half a brick for the murders / Hit you with the	https://genius.com/Esham-30-gucci-purses-lyrics	kilo term; num near kilo (thirty g); plausible $K
0.28	2025	Lil Pingus & Lil Peenguin	YSL	got 28 pants all from Rick / Alex McQueen, yeah it cost me a brick / And no joke like 300 watches	https://genius.com/Lil-pingus-and-lil-peenguin-ysl-lyrics	kilo term; num near kilo (30); plausible $K
0.28	2026	Lil Poppa	Dirty Piss	"you stressin?"", I need thirty-six, bitch, I need a brick (Bitch, I need thirty-six) / I need a brick"	https://genius.com/Lil-poppa-dirty-piss-lyrics	kilo term; num near kilo (thirty-six); plausible $K
0.26	2015	iLoveMakonnen (Ft. Migos & Rich The Kid)	Whip It (Remix)	the block, we got quality / Breaking my wrist, tryna whip a key / I was 12 with a felony / Sipping lean	https://genius.com/Ilovemakonnen-whip-it-remix-lyrics	kilo term; num near kilo (12); plausible $K; drug context; other drug
0.26	2020	Conway the Machine & The Alchemist	Calvin	this is? / Yeah, it's coke / Yes, but that's a kilo of coke / How much it's worth? / Twenty	https://genius.com/Conway-the-machine-and-the-alchemist-calvin-lyrics	kilo term; num within 50ch (twenty); plausible $K; drug context
0.26	2024	Joe Biden & Donald Trump (Ft. Dana Bash & Jake Tapper)	First 2024 Presidential Debate	Jake Tapper (00:32): / We are live from Georgia, a key battleground state in the race for the White House	https://genius.com/Joe-biden-and-donald-trump-first-2024-presidential-debate-annotated	kilo term; num within 50ch (32); plausible $K; drug context
0.26	2011	Boldy James & Chuck Inglish	JIMBO	It's four quarters in a O, sixty-four in a 'bow / Thirty-six a quarter crow, brick of blow	https://genius.com/Boldy-james-and-chuck-inglish-jimbo-lyrics	kilo term; num within 50ch (thirty-six); plausible $K; drug context
0.26	2014	Slim Thug (Ft. Yo Gotti)	1st n 15th (I'm Addicted Skit)	"have another hit."" Trap house jumping on the first and fifteenth / From a G to a key I'm all"	https://genius.com/Slim-thug-1st-n-15th-im-addicted-skit-lyrics	kilo term; num within 50ch (fifteen); plausible $K; drug context
0.26	2020	PFV (Ft. O.T. Genasis)	Savior	t never soft / See sheriff then I'm jumping off / Thirty pounds for a key nigga / Money talks I don	https://genius.com/Pfv-savior-lyrics	"kilo term; num near kilo (one); implausible value 1; ""for a brick""; drug context; other drug"
0.26	2024	Big Hit, Hit-Boy & The Alchemist (Ft. Boldy James)	Godfather, Pt. 2	6 / On lanes, what you need? Nah, nah, whip up a brick (Skrrt, skrrt) / Disrespect mine, I'll whip it	https://genius.com/Big-hit-hit-boy-and-the-alchemist-godfather-pt-2-lyrics	kilo term; num within 50ch (6); plausible $K; drug context
0.26	2024	Boldy James & Harry Fraud (Ft. Benny the Butcher)	Rabies	four quarters in a O / It's sixty-four in a 'bow, thirty-six a quarter crow / Brick of blow	https://genius.com/Boldy-james-and-harry-fraud-rabies-lyrics	kilo term; num within 50ch (thirty-six); plausible $K; drug context
0.23	0	Brevner	***WATERLOO*** - (The Jitters Story) - MADCHILD DISS OFFICIAL	a brick / Chipped away for 7 days nigga, down to the zip / Drivin' round the lower mainland with coke on	https://genius.com/Brevner-waterloo-the-jitters-story-madchild-diss-official-lyrics	kilo term; num near kilo (7); plausible $K; drug context; oz/gram nearby; number counts other noun
0.22	1994	Lil Gin	Strapped At All Times	other niggas shit, but they don't fuck with mine / 17-5, I gotta bird on they ass / Pistol grip	https://genius.com/Lil-gin-strapped-at-all-times-lyrics	kilo term; num near kilo (17-5); plausible $K; number counts other noun
0.22	2006	Wiley	Crash Bandicoot Freestyle	at / Canary Wharf retail therapy's me all week / Shot a key at / 28g at, 20 past 3 / 27 big	https://genius.com/Wiley-crash-bandicoot-freestyle-lyrics	kilo term; num near kilo (28g); plausible $K; number counts other noun
0.22	2008	OJ da Juiceman	I'm Gettin Money	Ayy) / I rather ride six forty-five top back (Okay) / Twenty bricks a week and he can't top that	https://genius.com/Oj-da-juiceman-im-gettin-money-lyrics	kilo term; num near kilo (twenty); plausible $K; number counts other noun
0.22	2013	Mathematics (Ft. Bad Luck (Rapper), Cappadonna, Eyes Low, Method Man, Raekwon & Termanology)	Men of Respect	different types of drugs, slipping 'em 5 ways / Gettin' rid of a brick in less than five days / I pop	https://genius.com/Mathematics-men-of-respect-lyrics	kilo term; num near kilo (five); plausible $K; number counts other noun
0.22	2015	Jadakiss (Ft. Future)	You Can See	5 DOA, niggas know he don’t play / I can sell a key a day, I guess it’s in	https://genius.com/Jadakiss-you-can-see-lyrics	kilo term; num within 50ch (5); plausible $K; price word; number counts other noun
0.22	2015	Lil Frostino (Ft. Ampichino & Lil Joe (KC Rapper))	I Can Feel You	and Amp in the hood, tryin' to off a key / 30 round clips, in case they try to off a	https://genius.com/Lil-frostino-i-can-feel-you-lyrics	kilo term; num near kilo (30); plausible $K; number counts other noun
0.22	2015	Rick Ross	Carol City	to go legit / At the car wash on 27th was a pastime / Pay for 60 keys all at once just	https://genius.com/Rick-ross-carol-city-lyrics	weak kilo term; num near kilo (60); plausible $K; price word
0.22	2017	Shoreline Mafia	Break a Bitch Bacc	don't try to be me / Rob Vicious, Sprite remix / Thirty-six in a brick, and I sell it by	https://genius.com/Shoreline-mafia-break-a-bitch-bacc-lyrics	kilo term; num near kilo (thirty-six); plausible $K; 36 = ounces?; price word
0.22	2018	Reborn	Old Me	chains holding me / I keep, I be quoting Romans 8:28, that's a key / I don't convince that	https://genius.com/Reborn-old-me-lyrics	kilo term; num near kilo (28); plausible $K; number counts other noun
0.22	2021	Yung Beef (Ft. Roydee)	SANTUARIO 2	de sufri' / Fuckboy, to' las zorra' 'tá aquí / Tengo los kilos for cheap / And sixteen for clips, prr-prr / Prr	https://genius.com/Yung-beef-santuario-2-lyrics	kilo term; num near kilo (six); plausible $K; number counts other noun
0.22	2022	$ilkMoney	Cuummoney Amiliani	a bitch you know what it's costing / I charge 40 keys a feature now / [?] got me seeing sound / Afro	https://genius.com/Ilkmoney-cuummoney-amiliani-lyrics	weak kilo term; num near kilo (40); plausible $K; price word
0.22	2024	Doc Gruesome	CRVSHOUT	hollow points in the clip / Ten toes in the dirt, thirty hittin' like a brick / Bitch, fuck how you feelin	https://genius.com/Doc-gruesome-crvshout-lyrics	kilo term; num near kilo (thirty); plausible $K; number counts other noun
0.22	2016	J $tash (Ft. Rich The Kid)	Bricks	lean, drop a xan in codeine / Protein, twenty-three hundred for the whole thing, smoking / Pop another pill now I	https://genius.com/J-stash-bricks-lyrics	"weak kilo term; num within 50ch (twenty-three hundred); implausible value 2300; ""for a brick""; ""N a key""; other drug"
0.22	2009	Cappadonna (Ft. King Just, Lounge Lo & Mega Don)	Pistachio	took a bid for niggas / Loaded forty Glock, Half a brick for niggas / First time felon for the clique for	https://genius.com/Cappadonna-pistachio-lyrics	kilo term; num near kilo (forty g); plausible $K; number counts other noun
0.22	2020	Witchouse 40k	Harpoon	fill yo' body wit' a hollow tip / I got thirty five that I be stuffin' in a thirty clip / Bricks	https://genius.com/Witchouse-40k-harpoon-lyrics	kilo term; num near kilo (thirty); plausible $K; number counts other noun
0.22	2025	Finesse2Tymes	I’m Back	for recordin' me / You can get shot for a post, half a key on a coat, thirty-four for a	https://genius.com/Finesse2tymes-im-back-lyrics	kilo term; num near kilo (thirty-four); plausible $K; number counts other noun
0.20	0	Fly Ferrari	No Exceptions	Verse 1: / Back in 2006/plenty niggas started flipping bricks/ copping work gotta know they worth/pop a perc and	https://genius.com/Fly-ferrari-no-exceptions-lyrics	kilo term; num within 50ch (06); plausible $K; drug context; number counts other noun
0.20	0	StarD1	Gangsta Life (Trebug Mix)	with all my cash / Now it's 96' I got a lean 21 / Coppin' keys, making G's, messin around	https://genius.com/Stard1-gangsta-life-trebug-mix-lyrics	weak kilo term; num near kilo (21); plausible $K; price word; money unit; other drug
0.20	0	TXX Will (Ft. Legion (Producer), Lejo (USA) & Sundae)	Hustlers Theme	things / Show you how to turn a soft packet to a hard key / I charge a large fee, [?] / 28 inches	https://genius.com/Txx-will-hustlers-theme-lyrics	weak kilo term; num within 50ch (28); plausible $K; price word; drug context
0.20	1996	Star D	Gangsta Life	with all my cash / Now it's '96 I got a lean 21 / Coppin' keys, makin' G's, messin' around	https://genius.com/Star-d-gangsta-life-lyrics	weak kilo term; num near kilo (21); plausible $K; price word; money unit; other drug
0.20	2002	B.O.C. Click	Freestyle (2)	got the dope and I put it in the streets / 32 keys, a TEC-9, and a couple freaks / Number	https://genius.com/Boc-click-freestyle-2-lyrics	weak kilo term; num near kilo (32); plausible $K; drug context
0.20	2006	Gucci Mane	Street Niggaz	get smashed, bond money on deck / Gave my dog half a brick for a '73 Donk / Got that bullfrog yay	https://genius.com/Gucci-mane-street-niggaz-lyrics	kilo term; num near kilo (73); drug context
0.20	2017	W.Bricks	Carlin Isles	Plug ou ka vini tchek mwen pass i bizouin en price / Bricks ba kissa sé méssié kon dé lamery ? / 80	https://genius.com/Wbricks-carlin-isles-lyrics	kilo term; num within 50ch (80); price word; drug context
0.20	2017	"Westside Gunn (Ft. Conway the Machine & Royce Da 5'9"")"	100,000 Machine Gunz	twenty over crack sales / Human Made hoodie, jacket pastel / Push a gold plated 'Rari (Skrrrrrrrrr) / A thousand bricks cracked the	https://genius.com/Westside-gunn-100000-machine-gunz-lyrics	kilo term; num far; plausible $K; price word; money unit
0.20	2018	G Herbo	No Depression	cost four G's, know you wanna see my Porsche keys / Forty more on the dashboard, homie got a GT	https://genius.com/G-herbo-no-depression-lyrics	weak kilo term; num near kilo (forty); plausible $K; money unit
0.20	2018	K-Trap	Daily Duppy (2018)	t stand the loss / I just off'd me two bricks, that’s 10 grand in prof / Half a brick	https://genius.com/K-trap-daily-duppy-2018-lyrics	kilo term; num near kilo (two); implausible value 2; price word; money unit
0.20	2020	2 Chainz (Ft. Kevin Gates)	Ziploc	eight grams in the Ziploc (Ziploc) / Graduated, I can make a brick lock / Twenty-eight grams in the Ziploc (Ziploc	https://genius.com/2-chainz-ziploc-lyrics	kilo term; num near kilo (twenty-eight g); plausible $K; oz/gram nearby
0.20	2020	Rio Da Yung OG	Aggressiveness	with thirty racks, told her wish me well / Who got a brick for sale? / I got three pints of Wockhardt	https://genius.com/Rio-da-yung-og-aggressiveness-lyrics	kilo term; num near kilo (three); implausible value 3; price word; money unit
0.20	2022	Freddie Gibbs (Ft. Benny the Butcher & Hit-Boy)	McLovin	brought twenty-two back / Bitch, what you trippin' on? / Just sold a brick, still down to whip a song / I	https://genius.com/Freddie-gibbs-mclovin-lyrics	kilo term; num far; plausible $K; price word; drug context
0.20	2022	Loe Shimmy	Wake Em Up	don't reach, I up this automatic Generation 4 / Want a thousand bricks just like El Chapo, ain't tryna	https://genius.com/Loe-shimmy-wake-em-up-lyrics	kilo term; num near kilo (4); implausible value 4; price word; money unit
0.20	2022	Yo Gotti	Bad Behavior	a 36 / I could hang up my jersey, I sold a thousand bricks / They can flame up my jersey, I	https://genius.com/Yo-gotti-bad-behavior-lyrics	kilo term; num within 50ch (36); plausible $K; 36 = ounces?; price word; money unit
0.20	2024	Peso Pluma & Quavo	PA NO PENSAR	el blanco pa' no acostarme / 1,008 grams, that's a key / Tomando pa' no pensar / Put it on the	https://genius.com/Peso-pluma-and-quavo-pa-no-pensar-lyrics	kilo term; num near kilo (08 g); plausible $K; oz/gram nearby
0.20	2025	Oxidebeats (Ft. DREEPY)	TWO	t no fxckin rapper / I told the plug need 2 kilos for distribution coz I turned to a fxckin trapper	https://genius.com/Oxidebeats-two-lyrics	kilo term; num near kilo (2); implausible value 2; price word; drug context
0.20	1993	DJ Sound (Ft. Dirty Red (Da Don))	Let These Nuts Hang	in my hand I shot the fan from the ceilin' / Twenty-two G's, five Ki's, now I'm	https://genius.com/Dj-sound-let-these-nuts-hang-lyrics	kilo term; num near kilo (five); plausible $K; money unit; number counts other noun; dup snippet
0.20	2017	Shoreline Mafia	Dirty	my niggas they serving shit / He want that proper, need thirty-six / Remix the dope, that's a dirty brick	https://genius.com/Shoreline-mafia-dirty-lyrics	kilo term; num within 50ch (thirty-six); plausible $K; drug context; number counts other noun
0.20	2018	Berner	Pressure	cold / Summertime man, my city white fur coats / 8 chains on, yeah we let the birds float / They say that	https://genius.com/Berner-pressure-lyrics	kilo term; num within 50ch (8); plausible $K; drug context; number counts other noun
0.20	2018	Philthy Rich	Bentley Truck	my tuck spot (It's Philthy) / Cocaine white like a brick of soft (Thirty-six) / No, this ain't a	https://genius.com/Philthy-rich-bentley-truck-lyrics	kilo term; num near kilo (thirty-six); plausible $K; 36 = ounces?; drug context
0.20	2021	Mvko, Prompto & 99ZED	Baryon Mode	99 said he just fucked up the beat / What the fuck zed? / Yuh / Re-up on the brick, I spin	https://genius.com/Mvko-prompto-and-99zed-baryon-mode-lyrics	"kilo term; num far; ""for a brick""; drug context"
0.20	2022	Kasher Quon	Cali Robot	Paid $60 for a 3.5, I'm smokin' Larry Bird / And I got dogshit on me, a big fuckin	https://genius.com/Kasher-quon-cali-robot-lyrics	kilo term; num near kilo (3.5); implausible value 3.5; price word; money unit
0.20	2025	Don Trip (Ft. Bink4sho & Kendrick P.)	Hello Darkness	and three / Dope game just like cars I drive, been fifteen years since I used a key / Streets ain't	https://genius.com/Don-trip-hello-darkness-lyrics	kilo term; num within 50ch (fifteen); plausible $K; drug context; number counts other noun
0.19	2024	Gucci Mane	Rich Niggaz	had shit (Nah) / And the watch on my wrist cost thirty-five bricks (Skrrt) / I'm a rich nigga, dog	https://genius.com/Gucci-mane-rich-niggaz-lyrics	kilo term; num near kilo (thirty-five); plausible $K; price of other thing
0.17	0	Andrew736	MLB The Show 26 Free Rotation Tips From U4GM	mlb-the-show-26/stubs for a handy boost when a key upgrade can't wait. Play Ranked with a	https://genius.com/Andrew736-mlb-the-show-26-free-rotation-tips-from-u4gm-lyrics	kilo term; num within 50ch (26); plausible $K
0.17	0	Internal Revenue Service	Treasury and IRS Announce That All Legal Same-Sex Marriages Will Be Recognized For Federal Tax Purposes	marriage. / The ruling implements federal tax aspects of the June 26 Supreme Court decision invalidating a key provision of the	https://genius.com/Internal-revenue-service-treasury-and-irs-announce-that-all-legal-same-sex-marriages-will-be-recognized-for-federal-tax-purposes-annotated	kilo term; num within 50ch (26); plausible $K
0.17	0	Simon Armitage	About His Person	twenty-fourth to the first of April. / A brace of keys for a mortise lock, / an analogue watch, self-winding	https://genius.com/Simon-armitage-about-his-person-annotated	kilo term; num within 50ch (twenty-four); plausible $K
0.17	1995	Crash Vegas	What Money Can Buy	stars travel in her skies / Clipped wings, lost nerve at 35 / Inside a box she keeps her golden bird / And	https://genius.com/Crash-vegas-what-money-can-buy-lyrics	kilo term; num within 50ch (35); plausible $K
0.17	2000	D.I.T.C. (Ft. A.G. (D.I.T.C.), Big Pun & KRS-One)	Drop It Heavy	s for the Range but I got 'em down / To twenty and a brick, now I'm out wit this	https://genius.com/Ditc-drop-it-heavy-lyrics	kilo term; num near kilo (twenty); plausible $K; dup snippet
0.17	2009	Area Development (Ft. Barack Obama, Harry Reid, Kevin Brady & Nancy Pelosi)	Healthcare Reform: How Will It Affect Businesses?	"reform to our broken system."" / What's Next? / On Nov. 21, the Senate majority won a key procedural vote to"	https://genius.com/Area-development-healthcare-reform-how-will-it-affect-businesses-annotated	kilo term; num within 50ch (21); plausible $K
0.17	2013	Pusha T	Numbers on the Boards	keep food up on your plates, nigga? / I might sell a brick on my birthday / Thirty-six years of doin	https://genius.com/Pusha-t-numbers-on-the-boards-lyrics	kilo term; num near kilo (thirty-six); plausible $K; 36 = ounces?; price word; number counts other noun
0.17	2014	Inglebirds	Getti	Duft von Freiheit / Trippin sippin und drive-bys / Big Bad Birds for Life / Hermann mit der Forty, der OG mit	https://genius.com/Inglebirds-getti-lyrics	kilo term; num within 50ch (forty); plausible $K
0.17	2017	Future	Draco	falling off and never quit (Yeah) / I retired cookin' up a brick (Woah) / Certified nigga out the 6 (Yeah) / Who	https://genius.com/Future-draco-lyrics	kilo term; num within 50ch (6); plausible $K
0.17	2019	Bright Campa	Real Gangsta	borrowed, 20 to a 40 / Like my bars, it will cost a bird to chirp / In a freestyle, you'll	https://genius.com/Bright-campa-real-gangsta-lyrics	kilo term; num within 50ch (40); plausible $K
0.17	2019	Gucci Mane	Snow	"like ""Beep"" (Beep) / This ain't a mixtape, all my bricks cost a fee (Skrrt) / I-20 Gucci Mane, bitch"	https://genius.com/Gucci-mane-snow-lyrics	kilo term; num within 50ch (20 g); plausible $K
0.17	2023	Joell Ortiz & L'Orange	In My Feelings	I'm weaving 'em let's begin / In '07 the Brick dropped, Hip Hop made a pit stop / On this	https://genius.com/Joell-ortiz-and-lorange-in-my-feelings-lyrics	kilo term; num near kilo (07); plausible $K; dup snippet
0.17	2025	Clipse	So Be It	8-ball, LV / I can show you how to bust a brick if you let me / I monogram like confetti	https://genius.com/Clipse-so-be-it-lyrics	kilo term; num within 50ch (8); plausible $K
0.17	2025	Rubberband OG (Ft. AgnsBill)	Swing My Door	Yeah) / Before you speak on me, pat your pockets (Yeah) / Thirty off a brick of molly (Yeah) / Right up under	https://genius.com/Rubberband-og-swing-my-door-lyrics	kilo term; num near kilo (thirty); plausible $K; other drug
0.17	2017	Banx$ (Ft. Caution)	Propane	beans / 33 shots in this new magazine / Put that on the G / How much Papi charge for a whole thing	https://genius.com/Banx-propane-lyrics	"weak kilo term; num far; plausible $K; ""for a brick""; price word; number counts other noun"
0.17	2013	Migos	Quarter Million Dollars	lean i need the codeine / Terminator wrist game my wrist a machine / Twenty five bricks gave a free brick to	https://genius.com/Migos-quarter-million-dollars-lyrics	kilo term; num near kilo (twenty five); plausible $K; other drug
0.17	2014	Aladin 135	À peine majeur	mytho / 18 piges, validé par l'élite, j'prends des kilos / C'est pas tout c'que j'peux faire	https://genius.com/Aladin-135-a-peine-majeur-lyrics	kilo term; num within 50ch (18); plausible $K
0.17	2015	BIGMAN (Rapper)	BYRDS FLY SOUTH 4 THA WINTER	that Nolia Clap I make them birds flock / Lil whoadie fifteen he keep a loaded Glock / Birds of a feather	https://genius.com/Bigman-rapper-byrds-fly-south-4-tha-winter-lyrics	kilo term; num within 50ch (fifteen); plausible $K
0.17	2015	NAV	Take Me Simple	and shoot / Thirty-five points, ten assists, went from passin' a rock to a brick / I know Brazilians that hittin	https://genius.com/Nav-take-me-simple-lyrics	kilo term; num within 50ch (ten); plausible $K
0.17	2021	Gutta100 (Ft. JayDaYoungan)	Out on Bond	can fuck your bitch, she ain't shit, pipe down / Thirty-six on my wrist, that's a brick, iced	https://genius.com/Gutta100-out-on-bond-lyrics	kilo term; num within 50ch (thirty-six); plausible $K
0.17	2022	Benny the Butcher	Super Plug	on since like the old Clipse / Sixteen hour road trip for the whole brick / Pass the toast and tell my	https://genius.com/Benny-the-butcher-super-plug-lyrics	kilo term; num within 50ch (six); plausible $K
0.17	2022	Luh Soldier	Life of a Hitta	Ha) / Glock 9, gen 5 (He running), always kept it twenty times five (Hunnid) / All I wanted was a brick	https://genius.com/Luh-soldier-life-of-a-hitta-lyrics	kilo term; num within 50ch (five); plausible $K
0.16	2013	Trae tha Truth (Ft. JasonMartin & J. Stalin)	Killer	is suck dick and give me all her chips / Tryna sell a quarter key, nigga 9 zips / Smoking on this	https://genius.com/Trae-tha-truth-killer-lyrics	weak kilo term; num near kilo (9); plausible $K; price word; oz/gram nearby
0.16	2014	Young Scooter (Ft. Wiz Khalifa)	Money	money / 20’s, 50’s, hundreds / Money, money, money, money / A thousand, bricks / Hector, he keep it coming / Every day	https://genius.com/Young-scooter-money-lyrics	kilo term; num near kilo (one); implausible value 1; price word; money unit; number counts other noun
0.16	2016	Fredo (Ft. Little Torment, Nafe Smallz, Yung Fume & Yxng Bane)	They Ain’t 100 (Remix)	for the whole week / A thousnad grams, man, that's a whole key / 28, that's a OZ (Woo) / (No	https://genius.com/Fredo-they-aint-100-remix-lyrics	kilo term; num near kilo (28); plausible $K; oz/gram nearby; number counts other noun
0.16	1995	DJ Sound & Frayser Click (Ft. Blue (Memphis) & Lil Noid)	Kickin' N Doors	in my hand I shot the fan from the ceilin' / Twenty-two G's, five keys, now I'm ass	https://genius.com/Dj-sound-and-frayser-click-kickin-n-doors-lyrics	weak kilo term; num near kilo (five); plausible $K; money unit; number counts other noun
0.15	2016	Hoodrich Pablo Juan (Ft. Diego Dose, MPR Tito & RX PESO)	Bricks	out on Candler / The hot niggas coming, they head straight for that Ember / Whole brick for a chain / 41, plain	https://genius.com/Hoodrich-pablo-juan-bricks-lyrics	kilo term; num near kilo (41); plausible $K; price of other thing; number counts other noun
0.14	2021	Peezy	We Don't Scam	the van / That's my white boy, he pay one-twenty for a gram, ayy / We sell weed and we	https://genius.com/Peezy-we-dont-scam-lyrics	weak kilo term; num near kilo (one-twenty); plausible $K; price word; drug context; other drug; oz/gram nearby
0.13	0	God (Rapper)	Servin	out the rapture you could hang it up / Got a whole thing for 'bout 25, by the time you get	https://genius.com/God-rapper-servin-lyrics	weak kilo term; num near kilo (25); plausible $K
0.13	0	Jasiah	UPSET*	Lyrics from Snippet / Fuck / Okay, I'm harder than a brick / Thirty-six, if he talkin' slick / Make him walk	https://genius.com/Jasiah-upset-lyrics	kilo term; num near kilo (thirty-six); plausible $K; 36 = ounces?
0.13	0	Shatta Wale	Kumerica	how we chilling / See how we killing / Hahaha / Yeah / 24 keys was my first shipping / Eilis shut your biblical you	https://genius.com/Shatta-wale-kumerica-lyrics	weak kilo term; num near kilo (24); plausible $K
0.13	0	Xept (Ft. Blacc Willi)	One Hundred	and whipping it hunnit / Came with the check and the bricks / Thirty six make a brick / Whoa, we keep it	https://genius.com/Xept-one-hundred-lyrics	kilo term; num near kilo (thirty six); plausible $K; 36 = ounces?
0.13	0	Yung LA (Ft. Humble G)	That Ain't Me	around, you know i'm from the 3 / I never sold a key, that ain't me / Everybody had bricks	https://genius.com/Yung-la-that-aint-me-lyrics	kilo term; num near kilo (3); implausible value 3; price word
0.13	2002	504 Boyz (Ft. Afficial, Curren$y, Desperado (US), Krazy, Master P, S-Flames & Yukon)	My Life is Sweet	m a weed blower, I get my ki's lower / 16-5 a few weeks, I'll have a green	https://genius.com/504-boyz-my-life-is-sweet-lyrics	kilo term; num near kilo (16-5); plausible $K; other drug; number counts other noun
0.13	2009	Skrapz	Beat2Beatz HQ	know? / Buying five O's, break it all down to twenty bones / Buy a one brick of skunk, mash it	https://genius.com/Skrapz-beat2beatz-hq-lyrics	kilo term; num near kilo (one); implausible value 1; price word
0.13	2011	Cory Gunz (Ft. Meek Mill)	YMCMB MMG	flow, I move low key / Make a move OT / Get a brick for the low / 95 South get a chick	https://genius.com/Cory-gunz-ymcmb-mmg-lyrics	kilo term; num near kilo (95)
0.13	2012	CyHi	Changed	dimes for the low / I used to get the whole thing for the 55 / 29 for the spliff, 25 for	https://genius.com/Cyhi-changed-lyrics	weak kilo term; num near kilo (55); plausible $K
0.13	2013	Charlie Worsham	How I Learned to Pray	When I was sixteen, that set of keys was a pair of wings / Daddy, pretty please, can I take a	https://genius.com/Charlie-worsham-how-i-learned-to-pray-lyrics	weak kilo term; num near kilo (six); plausible $K
0.13	2013	Joe Budden	Lost Control (Freestyle)	Not no Shiny Suit shit, this that 92 Knicks / This for Hov's missing 92 bricks / For State Prop and	https://genius.com/Joe-budden-lost-control-freestyle-lyrics	kilo term; num near kilo (92)
0.13	2014	O.T. Genasis	CoCo	I'm in love with the coco / 36, that's a kilo (Aquí) / Need a brick, miss my free throw	https://genius.com/Ot-genasis-coco-lyrics	kilo term; num near kilo (36); plausible $K; 36 = ounces?
0.13	2017	Camp Lo (Ft. Jimmy Cozier)	All the Same	caviar bananas for y'all, it's like / Milago, menage a / 25 keys with the cargo / We spinnin' out / Bill	https://genius.com/Camp-lo-all-the-same-lyrics	weak kilo term; num near kilo (25); plausible $K
0.13	2020	Chezi (Ft. Los (DET))	On the Road	24/7 nigga 7 days a week / Started off with 28 I turned that bitch to a key / I'm	https://genius.com/Chezi-on-the-road-lyrics	kilo term; num within 50ch (28); plausible $K; number counts other noun
0.13	2020	Smoke DZA (Ft. T-Pain)	Dark Web	till we enter / It'll be a cold winter / 25 keys was delivered / A nigga like me is a winner	https://genius.com/Smoke-dza-dark-web-lyrics	weak kilo term; num near kilo (25); plausible $K
0.13	2022	Justen Kilgore	Justen Kilgore - Get Em Off	500k still spending off some smart carts / I can fit 25 keys in a smart car / Pull up lil closer	https://genius.com/Justen-kilgore-justen-kilgore-get-em-off-lyrics	weak kilo term; num near kilo (25); plausible $K
0.13	2022	Peezy, Jeezy & Real Boston Richey (Ft. Rob49)	2 Million Up (Remix)	sold a brick or two (Two), don't make you a trapper (Nah) / Over twenty million sold (What?) and that	https://genius.com/Peezy-jeezy-and-real-boston-richey-2-million-up-remix-lyrics	kilo term; num near kilo (two); implausible value 2; price word
0.13	2025	Lif3style	Dont Go	me in this hypo, I ain't gettin' any bail / Thirty-six's in a brick, I'm puttin' ninas	https://genius.com/Lif3style-dont-go-lyrics	kilo term; num near kilo (thirty-six); plausible $K; 36 = ounces?
0.13	2026	Baby Money	Ask For Nothing	hit her on the floor / And last time I wore a thirty-six, a brick was in my coat / A	https://genius.com/Baby-money-ask-for-nothing-lyrics	kilo term; num near kilo (thirty-six); plausible $K; 36 = ounces?
0.13	2007	Gucci Mane	Me & My Niggas	word from me / Nigga please, and my clique see 1 brick a piece / Then you gone get burned to the	https://genius.com/Gucci-mane-me-and-my-niggas-lyrics	kilo term; num near kilo (1); implausible value 1; apiece
0.13	2013	Gucci Mane (Ft. Migos)	Mama We Rich	go) / I was servin junkies out my mama window / I was broke like half a brick, that was ‘96 / Daddy	https://genius.com/Gucci-mane-mama-we-rich-lyrics	kilo term; num near kilo (96)
0.13	2006	Gucci Mane	Street Niggaz (Remix)	hater get smashed, bond money on deck / Gave my dog half a brick for a '73 Donk / Got that bullfrog	https://genius.com/Gucci-mane-street-niggaz-remix-lyrics	kilo term; num near kilo (73)
0.13	2008	Nipsey Hussle	The Feeling Keeps on Coming	Two 12's in my trunk, let my speakers bang / Half a bird on my neck, let my chain hang	https://genius.com/Nipsey-hussle-the-feeling-keeps-on-coming-lyrics	kilo term; num within 50ch (12); plausible $K; number counts other noun
0.13	2013	Meek Mill (Ft. DJ Scream, French Montana, Louie V Gutta & Yo Gotti)	Kilo	a kilo, a kilo / Thirty-six O's up that raw for my amigo / Throw it in that water, watch	https://genius.com/Meek-mill-kilo-lyrics	kilo term; num near kilo (thirty-six); plausible $K; 36 = ounces?
0.13	2015	Maxo Kream (Ft. KEY!)	Out The Door	a scale (Uh, okay) / Thirty-six O's, that's a bad hoe / Thirty-six dummy bricks, that's a	https://genius.com/Maxo-kream-out-the-door-lyrics	kilo term; num near kilo (thirty-six); plausible $K; 36 = ounces?
0.13	2017	Peezy	Run It Up	up, fourty-one on my wrist / We don't do thirty-six, 'less you talkin' 'bout a brick / Callin' me	https://genius.com/Peezy-run-it-up-lyrics	kilo term; num near kilo (thirty-six); plausible $K; 36 = ounces?
0.13	2017	Young Scooter (Ft. Trouble & Young Dolph)	Time	poverty / My cousin he got three felonies / They gave him thirty for a quarter key / Look at Reverend Al Sharpton	https://genius.com/Young-scooter-time-lyrics	weak kilo term; num near kilo (thirty); plausible $K
0.13	2018	Jo' & Eliah	The Whale	standing right here / And just like the whale / Who sung for twenty years / Yelling / In a key no other whale	https://genius.com/Jo-and-eliah-the-whale-lyrics	kilo term; num within 50ch (twenty); plausible $K; number counts other noun
0.13	2019	Mazzeratti Duke (Ft. Rylo Rodriguez)	First Song	Dummy bricks) / I been wrappin' dummy bricks (Dummy bricks) / Tell a nigga thirty-six (Thirty-six) / Yeah, we really with	https://genius.com/Mazzeratti-duke-first-song-lyrics	kilo term; num near kilo (thirty-six); plausible $K; 36 = ounces?
0.13	2021	Pressa	Second Hand Smoke	out here kept it fake, or probably a third / Twenty-five percent of niggas don't got a bird / Kept	https://genius.com/Pressa-second-hand-smoke-lyrics	kilo term; num within 50ch (twenty-five); plausible $K; number counts other noun
0.13	2025	Rob49 & YTB Fatt	Preach	watch, pinky ring cost twenty thou' (Yeah) / Crazy necklace costin' bricks of becky, get a fuck boy crossed out  (Yeah	https://genius.com/Rob49-and-ytb-fatt-preach-lyrics	kilo term; num within 50ch (twenty); plausible $K; number counts other noun
0.12	2009	Jeezy	Air Forces 2	need another free / Two plates, four birds, one nigga, Mister 17-5 / Yeah, They know Shawty Lo, anything about dope	https://genius.com/Jeezy-air-forces-2-lyrics	kilo term; num near kilo (four); implausible value 4; drug context
0.12	2013	A$AP Ferg	Fergivicious	Marty Baller macking, yeah, he Blood dripping / 5 point star for a thug nigga / 'bout 2 keys for the snow	https://genius.com/A-ap-ferg-fergivicious-lyrics	kilo term; num near kilo (2); implausible value 2; drug context
0.12	2022	Certified Trapper	Dump Woo	with my hoe bih / Hunnid twenty G's, pop nigga want four bricks / I pull up to the kickback, nigga	https://genius.com/Certified-trapper-dump-woo-lyrics	kilo term; num near kilo (four); implausible value 4; money unit
0.12	2023	Dakoda Boutilier (Ft. INDEFINITO555)	Fee Fi	sit / I got twenty ounce sacks / Fifty pound bricks / A twenty ram with a thirty ought six / I got twenty	https://genius.com/Dakoda-boutilier-fee-fi-lyrics	kilo term; num near kilo (twenty); plausible $K; other drug; oz/gram nearby
0.12	2009	Max B & Jadakiss	When I Grow Up	grow up to be a G (G, chyeah) / Took twenty-five grams, blew it up to be a key (Key	https://genius.com/Max-b-and-jadakiss-when-i-grow-up-lyrics	kilo term; num within 50ch (twenty-five g); plausible $K; oz/gram nearby
0.12	2014	Rick Ross (Ft. Whole Slab)	Heavyweight	half a thang (Flip) / Remix that eighteen, now it's thirty-six (Flip) / Turned that midget to a brick, that	https://genius.com/Rick-ross-heavyweight-lyrics	kilo term; num within 50ch (eight); plausible $K; 36 = ounces?; drug context
0.12	2017	YRN Murk (Ft. Migo JerZ)	Curb	to work the stove / John Wic, I keep the poles / Thirty-six O's / That's a whole brick if	https://genius.com/Yrn-murk-curb-lyrics	kilo term; num within 50ch (thirty-six); plausible $K; 36 = ounces?; drug context
0.12	2020	Aidcot (Ft. JUGGMANLO$)	Princess Cuts	keep a stick / 2x2 equals 4 watch me flip the brick / Princess cuts on my wrist so i keep it	https://genius.com/Aidcot-princess-cuts-lyrics	kilo term; num near kilo (4); implausible value 4; drug context
0.11	2021	G.T. (Ft. Los (DET) & Street Lord Juan)	Jack & a Press	in my right hand, got one on my left / Wrist forty alone, it can get par for a brick / On	https://genius.com/Gt-jack-and-a-press-lyrics	"kilo term; num within 50ch (one); implausible value 1; ""for a brick""; price of other thing"
0.11	2019	Ball Greezy	Ignorant Shit	week with a couple of zips / After you flip this half-a-bird you gone cop you a 6 / Ocean	https://genius.com/Ball-greezy-ignorant-shit-lyrics	kilo term; num near kilo (one); implausible value 1; price word; drug context; oz/gram nearby; number counts other noun
0.10	0	Xept & Lion	Mexico	bitches do my whips / One man squad, John Wick / Turn a stick to a brick / Thirty six make a brick	https://genius.com/Xept-and-lion-mexico-lyrics	kilo term; num near kilo (thirty six); plausible $K; 36 = ounces?; number counts other noun
0.10	2019	Majorlilkween (Ft. Genka)	25 Playboy	25 bitches in a Playboy mansion / 25 bandz in a Playboy mansion / 25 keys in a Playboy mansion / 25 wraiths	https://genius.com/Majorlilkween-25-playboy-lyrics	weak kilo term; num near kilo (25); plausible $K; number counts other noun
0.10	1992	Tweedy Bird Loc (Ft. NiNi X)	Hoe Is a Bitch	your daddy hoe / No whites Allowed / Ha... Ha bitch / - Tweedy Bird Locsta for the '93, saying Fuck you Hoes With	https://genius.com/Tweedy-bird-loc-hoe-is-a-bitch-lyrics	kilo term; num near kilo (93); number counts other noun
0.10	2014	Lil Uzi Vert	IN DA FIELD (FREESTYLE)	got a bitch 36 years old (Yeah) / Yeah, I got a brick, thirty six O's / Yeah, I killed that	https://genius.com/Lil-uzi-vert-in-da-field-freestyle-lyrics	kilo term; num near kilo (thirty six); plausible $K; 36 = ounces?; number counts other noun
0.10	2015	G Herbo	Bottom of the Bottom	ear rings bout a 9 piece and my watch cost a half-a-key / I've been balling since I	https://genius.com/G-herbo-bottom-of-the-bottom-lyrics	weak kilo term; num near kilo (9); plausible $K; number counts other noun
0.09	2000	Drag-On (Ft. The LOX)	Ready for War	grams in an ounce / Everybody bounce, 26 inch hues on a truck / 36 O's in a key, everybody ree	https://genius.com/Drag-on-ready-for-war-lyrics	kilo term; num near kilo (36); plausible $K; 36 = ounces?; oz/gram nearby
0.09	2006	Bad Neighbors (of Sandpeople)	Untitled Bonus 5	occupy my mind grounded I slave / Plenty of grams and keys but 21 grams a leaf / It's funny what	https://genius.com/Bad-neighbors-of-sandpeople-untitled-bonus-5-lyrics	weak kilo term; num near kilo (21 g); plausible $K; oz/gram nearby
0.09	2009	OJ da Juiceman (Ft. Cam'ron & Gucci Mane)	Make tha Trap Say Aye (Remix)	"Juiceman? / This Louis belt cost 2 grand / Sell a quarter key by the newsstand / ""Sniff that shit, feel like a"	https://genius.com/Oj-da-juiceman-make-tha-trap-say-aye-remix-lyrics	weak kilo term; num near kilo (2 grand); implausible value 2; price word; money unit
0.09	2020	Cash Cola & RonDaDon (Ft. Louie Ray & RMC Mike)	Gettin Off	Met a new plug in Sanfransisco / Tryna move a quarter brick per day off my flip phone / Bitch called 5	https://genius.com/Cash-cola-and-rondadon-gettin-off-lyrics	kilo term; num within 50ch (one); implausible value 1; price word; drug context; number counts other noun
0.09	2020	D-Lo116 (Ft. 116 Poax Productions: AVI)	36	six / Th-Th-Thirty six / Thirty six Oz issa liq / Thirty six zips in a brick / Thirty six Oz in	https://genius.com/D-lo116-36-lyrics	kilo term; num near kilo (thirty six); plausible $K; 36 = ounces?; oz/gram nearby
0.09	2019	Veeze	Rusty	risky (Yeah) / You gotta know this shit fifty-fifty (Mhm) / A thousand of these beans cost a brick (Shhh) / I	https://genius.com/Veeze-rusty-lyrics	kilo term; num far; price word; money unit
0.09	2025	Benny the Butcher & ILL Tone Beats	36 Ounces and a Mercedes	a Benz and a brick, uh / Thirty-six ounces and a Mercedes, yeah / All we wanted was a Benz and	https://genius.com/Benny-the-butcher-and-ill-tone-beats-36-ounces-and-a-mercedes-lyrics	kilo term; num near kilo (thirty-six); plausible $K; 36 = ounces?; oz/gram nearby
0.08	2017	Big 36oz (Ft. 21 Savage)	Push Up	I'm 36 Oz, I'm hard as your house bricks / Want [?] an opp, I pull up and spark the	https://genius.com/Big-36oz-push-up-lyrics	kilo term; num within 50ch (36); plausible $K; 36 = ounces?; drug context; oz/gram nearby
0.08	2024	TYTE	Top 5	the trenches, but I'm still sippin' Kool-Aid (Yeah) / Thirty-six ounces on my neck, a brick of cocaine	https://genius.com/Tyte-top-5-lyrics	kilo term; num within 50ch (thirty-six); plausible $K; 36 = ounces?; drug context; oz/gram nearby
0.08	0	Economics Genius (Ft. NASDAQ & NYSE)	How to Read Stock Market Information	ttm): 25.26 / EPS (ttm): 34.57 / Div & Yield: N/A (N/A) / Key Statistics / Valuation Measures / Market Cap (intraday	https://genius.com/Economics-genius-how-to-read-stock-market-information-annotated	weak kilo term; num within 50ch (7); plausible $K
0.08	0	Outlawz (Ft. TQ)	Get Paid	out the sockets / But that's how it is in twenty-three a.m / Brick City, N-J / Besides Cali	https://genius.com/Outlawz-get-paid-lyrics	kilo term; num near kilo (twenty-three); plausible $K; brick=literal
0.08	0	Tom King (Pop)	Princess Dress	on shows for my nana and my papa too / Turning twenty hit me like a brick wall / Stressing about things	https://genius.com/Tom-king-pop-princess-dress-lyrics	kilo term; num near kilo (twenty); plausible $K; brick=literal
0.08	1994	JAŸ-Z	Understand Me	me / By nineteen, I'd be in jail, smoking or buying the key / Which one would you choose out of	https://genius.com/Jay-z-understand-me-lyrics	kilo term; num near kilo (one); implausible value 1
0.08	2009	Gorilla Zoe	Hood Clap	me & my bitch / That's a 9 millimeter, gettin' money, droppin' bricks / All I do is get money. What the	https://genius.com/Gorilla-zoe-hood-clap-lyrics	kilo term; num near kilo (one); implausible value 1
0.08	2009	Snoop Dogg	That's Tha Homie	Zone 6, soul food, no sushi mayne / Cookin up the whole thing for Snoop Dogg and Gucci Mane / My homegirls	https://genius.com/Snoop-dogg-thats-tha-homie-lyrics	weak kilo term; num within 50ch (6); plausible $K
0.08	2011	Skrapz	More Doe	know? / Buying five O's, break it all down to twenty bones / Buy a one brick of skunk, mash it	https://genius.com/Skrapz-more-doe-lyrics	kilo term; num near kilo (one); implausible value 1; price word; dup snippet
0.08	2013	Yo Gotti	Lebron James	Big wheels on my Phantom, got it sittin' crooked / 3 birds for a show, nigga gon' book it / I’m	https://genius.com/Yo-gotti-lebron-james-lyrics	kilo term; num near kilo (3); implausible value 3
0.08	2014	Naj isDope (Ft. Snubbs)	Juice	Physical? Bergdoff / Cloud 9 fly, don't care what your birds cost / One call? They pull the trigger / If you	https://genius.com/Naj-isdope-juice-lyrics	kilo term; num near kilo (one); implausible value 1
0.08	2015	Scarface (Ft. Nas, Rick Ross & Z-Ro)	Do What I Do	26 inch plates on a 68 / Where I'm from a half a key'll set a nigga straight / I	https://genius.com/Scarface-do-what-i-do-lyrics	kilo term; num within 50ch (68)
0.08	2016	Anthony Jay Sanders	I Could Pass Tonight	a fight / I got fired for the first time at twenty-one / The Second City threw a brick weighing twenty	https://genius.com/Anthony-jay-sanders-i-could-pass-tonight-lyrics	kilo term; num near kilo (twenty); plausible $K; brick=literal
0.08	2017	Loso Loaded (Ft. Big 36oz & Lotto Savage)	Ringing	on me / 5, 6, 7 phones ringing off the hook / Brick prices so low, have your ass shook / 23 [?] and	https://genius.com/Loso-loaded-ringing-lyrics	kilo term; num within 50ch (one); implausible value 1; price word
0.08	2017	Malice	So Woke	Cause ain't ery' body a saint; fleur Di lis / 25 to life for a mere quarter key / Thanks to	https://genius.com/Malice-so-woke-lyrics	weak kilo term; num within 50ch (25); plausible $K
0.08	2017	Quelle Chris (Ft. Denmark Vessey & eLZhi)	Don't Get Changed	you, you / I got 35 brothers / Swear that I'm a certified killer / Low-key I don't fuck with	https://genius.com/Quelle-chris-dont-get-changed-lyrics	weak kilo term; num within 50ch (35); plausible $K
0.08	2017	Talib Kweli (Ft. Waka Flocka Flame)	Chips	Where my 40 at? / My shit a event, you shit a show / Nigga I could still get a brick for	https://genius.com/Talib-kweli-chips-lyrics	kilo term; num far; plausible $K
0.08	2017	Veridian Rays	Shattered Glass	(Verse 1) / The walls went up brick by silent brick / Fueled by the whispers, the hurt, and the trick	https://genius.com/Veridian-rays-shattered-glass-lyrics	kilo term; num near kilo (1); implausible value 1
0.08	2018	Avantdale Bowling Club	Home	than the rent / The government sitting on its fat assets, 25 mil on a flag test / New Key, same monarchy	https://genius.com/Avantdale-bowling-club-home-lyrics	weak kilo term; num within 50ch (25); plausible $K
0.08	2021	LiQ (Ft. ZayK)	Coolin Kit	more gotta urge / I got like 3 on my neck cost a bird / Mixing to much what I drink gotta	https://genius.com/Liq-coolin-kit-lyrics	kilo term; num near kilo (3); implausible value 3
0.08	2021	TVGUCCI	Gangsta Gentleman	keep a 30', extendo with me / I came for quarter keys, flipping up half a ? / Whippin' that masterpiece / Feeling like	https://genius.com/Tvgucci-gangsta-gentleman-lyrics	weak kilo term; num within 50ch (ten); plausible $K
0.08	2023	Charlie Worsham (Ft. Luke Combs)	How I Learned To Pray (Remix)	When I was sixteen, that set of keys / Was a pair of wings, daddy, pretty please / Can I take her	https://genius.com/Charlie-worsham-how-i-learned-to-pray-remix-lyrics	weak kilo term; num near kilo (six); plausible $K; dup snippet
0.08	2025	Killa Kehla	A is for AMBITION	puddle / Verse 3 / So God help me kill these walls of pride / Even if it’s just a brick / Satan	https://genius.com/Killa-kehla-a-is-for-ambition-lyrics	kilo term; num near kilo (3); implausible value 3
0.08	2006	Lil Wayne (Ft. Mack Maine, Raw Dizzy & Ronnie (USA))	Pimp C (Knockin' Doors Down)	them birds to Georgia, comin through the water / It's sixteen-five if you wanna place an order / Thirty-six	https://genius.com/Lil-wayne-pimp-c-knockin-doors-down-lyrics	kilo term; num within 50ch (six); plausible $K; 36 = ounces?
0.08	2010	The Game (Ft. Busta Rhymes)	Lowrider	to '99 when all my whips was stolen / All my bricks were frozen, now traded the birds for some words	https://genius.com/The-game-lowrider-lyrics	kilo term; num within 50ch (99)
0.08	2020	Dan Bull	Tinker, Tailor, Soldier: 76	kids getting to grips / With intricate weapons as heavy as bricks / We're all Soldier: 76 except we'll never	https://genius.com/Dan-bull-tinker-tailor-soldier-76-lyrics	kilo term; num within 50ch (76)
0.08	2020	Sub-Radio	Disco	I think you're hoping that I'll let the whole thing go / Okay, you've been awake for 20	https://genius.com/Sub-radio-disco-lyrics	weak kilo term; num within 50ch (20); plausible $K
0.08	2021	Lil Double 0	Outro	a girl / Double 0 fuck with the bird, then i go for gorillas / And it ain't no love for	https://genius.com/Lil-double-0-outro-lyrics	kilo term; num near kilo (0); implausible value 0
0.08	2022	Varcy	Love Will...	come and find it’s home / Verse 2 / Like humming birds search for the nectar / Love will reveal its sweetest	https://genius.com/Varcy-love-will-lyrics	kilo term; num near kilo (2); implausible value 2
0.08	1995	Hinton Battle, Kevin Gray, Peter Cousens & Joanna Ampil	The Transaction	She's sort of a virgin, well, more or less / For twenty more you get a room and key / For	https://genius.com/Hinton-battle-kevin-gray-peter-cousens-and-joanna-ampil-the-transaction-lyrics	weak kilo term; num within 50ch (twenty); plausible $K
0.08	2007	Samat	Trahison	leur faisait beaucoup d'mal / 1 mètre 90 pour 120 kilos, c'est clair y'avait pas encore les armes	https://genius.com/Samat-trahison-lyrics	kilo term; num near kilo (0); implausible value 0
0.08	2009	Gucci Mane	Street Nigga (J3 Remix)	hater get smashed, bond money on deck / Gave my dog half a brick for a '73 Donk / Got that bullfrog	https://genius.com/Gucci-mane-street-nigga-j3-remix-lyrics	kilo term; num near kilo (73); dup snippet
0.08	2015	Thouxanbanfauni & UnoTheActivist	Benji Blue	it I'm drippin' in sauce, forty-eight laws with a [?] for a boss / Wrappin' that brick, I ship it	https://genius.com/Thouxanbanfauni-and-unotheactivist-benji-blue-lyrics	kilo term; num far; plausible $K
0.08	2019	Fredo	It's Like	twenty-six on my rose face / Damn near dropped Melo half a brick for my bro's sake / I'm	https://genius.com/Fredo-its-like-lyrics	kilo term; num far; plausible $K
0.08	2021	CHAMELEON	A Difficult Winter	in not helping / Guilt in reflections of me / There's fifteen black crows and not a single key / Guilt in	https://genius.com/Chameleon-a-difficult-winter-lyrics	weak kilo term; num within 50ch (fifteen); plausible $K
0.08	2023	Mozzy	10 PERCENT	said he got that Joey Biden for me (Huh?) / New Key Presidential, this the forty-one (Uh) / Wire transfer been	https://genius.com/Mozzy-10-percent-lyrics	weak kilo term; num within 50ch (forty-one); plausible $K
0.08	2024	Helena	Summer Body	vais pas cacher mes poignées gonflées par l'amour / 3 kilos, c'est quoi ? Y'en aura toujours trop ou	https://genius.com/Helena-summer-body-lyrics	kilo term; num near kilo (3); implausible value 3
0.08	2025	ZAZA 762	6 Handschuhe	kocht ein Topf / Mein block ähnelt ein Haifischbecken / Muss 3 bricks pressen / Sag bye bye lah 3ayun / Explodiere lauf Tabanca	https://genius.com/Zaza-762-6-handschuhe-lyrics	kilo term; num near kilo (3); implausible value 3
0.07	2013	Deniro Farrar	So Many Days	year, 60 minutes in an hour / 36 oz.'s in a whole key so 28 grams in an hour / Chasing	https://genius.com/Deniro-farrar-so-many-days-lyrics	kilo term; num near kilo (28 g); plausible $K; 36 = ounces?; oz/gram nearby; number counts other noun
0.07	2016	Westside Gunn (Ft. Conway the Machine & Roc Marciano)	Omar's Coming	m the shit / Ten chains in math class, dreamin' of a brick / Thirty-six ounces back-to-back for a	https://genius.com/Westside-gunn-omars-coming-lyrics	kilo term; num near kilo (thirty-six); plausible $K; 36 = ounces?; oz/gram nearby; number counts other noun
0.07	1996	WhoRidas	Shot Callin' & Big Ballin'	on your way / Forty keys a week, knockin off zips a day with no sleep / Passed the peak at forty	https://genius.com/Whoridas-shot-callin-and-big-ballin-lyrics	weak kilo term; num near kilo (forty); plausible $K; oz/gram nearby; number counts other noun
0.06	2019	YFN Lucci (Ft. Jeezy & T.I.)	Trap	a 36, I'm 'bout to turn the team over / Coppin' dirty bricks, I need some Aquafina / I'm in	https://genius.com/Yfn-lucci-trap-lyrics	kilo term; num far; plausible $K; 36 = ounces?; price word
0.06	1988	Kev Carmody	Black Bess	Saw a caged man with his bare hands bust through a brick wall / For forty-five years of his life	https://genius.com/Kev-carmody-black-bess-lyrics	kilo term; num near kilo (forty-five); plausible $K; brick=literal; number counts other noun
0.06	1999	Mary J. Blige (Ft. Jadakiss)	Sexy	week, top floor in the trunk / Just laying back blowing twenty five's a skull / The our keys by the	https://genius.com/Mary-j-blige-sexy-lyrics	weak kilo term; num within 50ch (twenty five); plausible $K; number counts other noun
0.06	2013	Boldy James	Consideration	ten packs, bloodclot 'em / I got ninety-nine problems and a brick ain't one / I got thirty-five shots	https://genius.com/Boldy-james-consideration-lyrics	kilo term; num near kilo (one); implausible value 1; number counts other noun
0.06	2025	Rooftop Newz TV (Ft. Dizaster & JC)	Dizaster vs J.C	B / Instead of going for 81 points, this nigga went for 88 keys / That was a battle rap tournament / Shit	https://genius.com/Rooftop-newz-tv-dizaster-vs-jc-lyrics	weak kilo term; num near kilo (88)
0.05	2009	P Money (Ft. Drifter, Lady Leshurr & OGz)	Cool Safe	blows / Five hours gone, a key goes / You're a 28 grams or a kilo / Not a OG, but a	https://genius.com/P-money-cool-safe-lyrics	kilo term; num near kilo (one); implausible value 1; oz/gram nearby
0.05	2015	Lil Uzi Vert	Juiceman	aye / Whippin' that white with my dark hoe, aye / Quarter brick, half a brick, thirty six hundred / All of these	https://genius.com/Lil-uzi-vert-juiceman-lyrics	kilo term; num near kilo (thirty six hundred); implausible value 3600; 36 = ounces?; drug context
0.05	2017	Daniel Clark (Ft. Tomás Tes)	L8	was wanting them 4 G's / Was wanting like four keys / Was wishing for soul beats / Was wishing someone could	https://genius.com/Daniel-clark-l8-lyrics	weak kilo term; num near kilo (four); implausible value 4; money unit
0.05	2017	G-Eazy (Ft. 24hrs, E-40 & MadeinTYO)	Shake It Up	gotta like me / 36-zipper from a ounce to a key / I wanna thank you OB for your presidency / For	https://genius.com/G-eazy-shake-it-up-lyrics	kilo term; num within 50ch (36); plausible $K; 36 = ounces?; oz/gram nearby
0.05	2020	Potter Payper	Kings Blood	thicker than 40 thieves / Masterchefin', 'bout to whip me up a quarter key / Was it the man or the myth	https://genius.com/Potter-payper-kings-blood-lyrics	weak kilo term; num far; plausible $K; drug context
0.05	2024	M. KVED	03 freestyle	ve been cold u cannot battle me / M.j keep a 23 / 2 keys, Walter white yeah I've been	https://genius.com/M-kved-03-freestyle-lyrics	weak kilo term; num near kilo (2); implausible value 2; drug context
0.05	2004	Plies	36 Ounces	of hope / 36 ounces of yola, nigga / That's a whole brick / And 'fore you lose that whole ounce, nigga	https://genius.com/Plies-36-ounces-lyrics	kilo term; num within 50ch (36); plausible $K; 36 = ounces?; oz/gram nearby
0.05	2017	Casino (Ft. 550 & Future)	I'm On	got thirty-six, that's a straight glass on me / Thirty-six ounces of the glass, that's a brick	https://genius.com/Casino-im-on-lyrics	kilo term; num within 50ch (thirty-six); plausible $K; 36 = ounces?; oz/gram nearby
0.04	0	TQ	Get Paid	out the sockets / But that's how it is in twenty-three a.m / Brick City, N-J / Besides Cali	https://genius.com/Tq-get-paid-lyrics	kilo term; num near kilo (twenty-three); plausible $K; brick=literal; dup snippet
0.04	2013	Yo Gotti (Ft. Meek Mill)	LeBron James (Remix)	Big wheels on my Phantom, got it sittin' crooked / 3 birds for a show, nigga gon' book it / I’m	https://genius.com/Yo-gotti-lebron-james-remix-lyrics	kilo term; num near kilo (3); implausible value 3; dup snippet
0.04	2019	Real Talk (Ft. Boro, Don Cash, Karmah Cruz & Oliver aka Kuma)	Real Talk EXTRA- Boro Boro B35	maybe 3 or 4 / Good body gyal olied up like a key of raw / Courtesy of mi amour / Shit what	https://genius.com/Real-talk-real-talk-extra-boro-boro-b35-lyrics	kilo term; num within 50ch (4); implausible value 4
0.04	2020	Boldy James	Maria	Bo Jackson / Whattup doe, Trey-Fo'? / Bruno, Bricks / Costo, Free Lethal (2-2-7) / Quezo, ConCreatures / It's Game Time	https://genius.com/Boldy-james-maria-lyrics	kilo term; num within 50ch (2-2); implausible value 4
0.04	2020	JS (FR)	Mélodie du ghetto	Mélodie du ghetto x2 / [Couplet 1]  (Seler) / Passer du me-gra au kilo , c'est son seul diplôme / La rue	https://genius.com/Js-fr-melodie-du-ghetto-lyrics	kilo term; num within 50ch (1); implausible value 1
0.04	2022	TVGUCCI & Smiley	Gangsta Gentleman Remix	keep a 30', extendo with me / I came for quarter keys, flipping up half a / Whippin' that masterpiece / Feeling like	https://genius.com/Tvgucci-and-smiley-gangsta-gentleman-remix-lyrics	weak kilo term; num within 50ch (ten); plausible $K; dup snippet
0.04	2014	Jon Jon Briones, Hugh Maynard & Alistair Brammer	The Transaction	She's sort of a virgin, well, more or less / For twenty more you get a room and key / You	https://genius.com/Jon-jon-briones-hugh-maynard-and-alistair-brammer-the-transaction-lyrics	weak kilo term; num within 50ch (twenty); plausible $K; dup snippet
0.03	0	Genius France	Gimmicks du rap français	S. / • Gang / • Africain sauvage / • Ta-ta-ta / - 10 12 14 / Key Largo / • Key Largo, c'est important / • Sheesh / KLM PS	https://genius.com/Genius-france-gimmicks-du-rap-francais-annotated	weak kilo term; num near kilo (4); implausible value 4
0.03	2024	Faiq Ağayev	Prichard Colon: The Fighter Who Inspired Millions	system in overcoming life’s toughest battles / 3. Awareness is Key / Prichard’s case serves as a reminder of the	https://genius.com/Faiq-agayev-prichard-colon-the-fighter-who-inspired-millions-lyrics	weak kilo term; num near kilo (3); implausible value 3
0.03	2025	Genius English Translations	SIKKOO - 푸줏간 (PUJUTGAN) (English Translation)	right now / We're clearing it out today / 30 bucks per kilo / Try a bite, and if it hits the	https://genius.com/Genius-english-translations-sikkoo-pujutgan-english-translation-lyrics	scientific; kilo term; num near kilo (30); plausible $K
0.03	2020	Cheezy Charles	#LeagueMe	They just wanna be around / Cause I look like four keys / Now they go for forty / Man, I’m so	https://genius.com/Cheezy-charles-leagueme-lyrics	weak kilo term; num near kilo (four); implausible value 4
0.03	2022	Shizzlecakes	Microsoft Tech Support	very fine, so what you need to do now is press the 4 flag Windows key on your keyboard pressed	https://genius.com/Shizzlecakes-microsoft-tech-support-lyrics	weak kilo term; num near kilo (4); implausible value 4
0.02	0	These Animals	Tenants	so sleep deprived / And up the steps, and with her keys / She find finds 35 / A cool suburban breeze, will	https://genius.com/These-animals-tenants-lyrics	key=not kilo; num near kilo (35); plausible $K
0.02	2018	PierreXavier	Drop Out	got a push to start while I still got the keys / Dropped out at 19 / My brother still mad at	https://genius.com/Pierrexavier-drop-out-lyrics	key=not kilo; num near kilo (19); plausible $K
0.02	2018	G Herbo (Ft. Chance the Rapper & Lil Uzi Vert)	Everything (Remix)	my Glock hold 30, this a 17 (yeah) / Chop it, whole thing from the Medellín (uh) / My old gun, that	https://genius.com/G-herbo-everything-remix-lyrics	key=not kilo; num near kilo (17); plausible $K
0.02	2016	Tafari (Ft. Kunsept & Zilla Oaks)	She	the homies / If you want that OG we got it for the low-key / Reppin for the Omozi / 1 2	https://genius.com/Tafari-she-annotated	weak kilo term; num within 50ch (1 2); implausible value 3
0.02	2019	Lil Timmie	Hoi ik ben Timmy	kiezen / Doe VWO, geen VMBO / M'n lievelingsspel, is Angry Birds GO! / Lievelingsnummer? Een heleboel / Formule 1? Dat vind ik	https://genius.com/Lil-timmie-hoi-ik-ben-timmy-lyrics	kilo term; num far; implausible value 1
0.02	2020	Yung Waifu	I Wanna Hit	my dick (ew) / 2 left hook do the trick / Saw a cop car threw a brick / Wasn't trying to	https://genius.com/Yung-waifu-i-wanna-hit-lyrics	kilo term; num within 50ch (2); implausible value 2; price word; brick=literal
0.01	0	Darya	Broke Bitch	m ganna hate the least? / All I knew is by 25 I'm ganna have a lease / And the keys	https://genius.com/Darya-broke-bitch-lyrics	key=not kilo; num within 50ch (25); plausible $K
0.01	2017	Zeroh	28GRAMS (regular)	I just wanna play / Even though I'm boutta turn 28 / Better than actin a fucking fool / Low key rude	https://genius.com/Zeroh-28grams-regular-lyrics	key=not kilo; num within 50ch (28); plausible $K
0.01	2023	Alana Springsteen	just a house	know that's how it's supposed to be / Put twenty down for a front door key / And a welcome	https://genius.com/Alana-springsteen-just-a-house-lyrics	key=not kilo; num within 50ch (twenty); plausible $K
0.01	1999	Silkk the Shocker (Ft. Fiend)	This For My...	my key and a half niggas / Facing 10 but took a plea for 3 and a half niggas / For niggas	https://genius.com/Silkk-the-shocker-this-for-my-lyrics	key=not kilo; num within 50ch (10); plausible $K; number counts other noun
0.01	0	Tania Christopher	Knock Knock	my watch / 6 o'clock on the dot / Then my keys dropped / Now I can't open the lock / Why	https://genius.com/Tania-christopher-knock-knock-lyrics	key=not kilo; num within 50ch (6); plausible $K; price of other thing
0.01	0	NUMB&DUMB	That's A Lot of Red	oximetry / Checking Echocardiography / Making sure I see the patient pees / Per kilo an hour: 0.3 / Look at the red	https://genius.com/Numb-dumb-thats-a-lot-of-red-lyrics	scientific; kilo term; num near kilo (0.3); implausible value 0.3
0.00	1913	Charles Richet	Nobel Lecture in Physiology or Medicine (1913): Anaphylaxis (Richet)	lethal dose was of the order of 0.1 liquid per kilo live weight of subject. / But certain of the	https://genius.com/Charles-richet-nobel-lecture-in-physiology-or-medicine-1913-anaphylaxis-richet-annotated	pre-1986; scientific; kilo term; num near kilo (eight); plausible $K
0.00	1999	Silkk the Shocker (Ft. Freedom)	This Is 4 My	my key and a half niggas / Facing 10 but took a plea for 3 and a half niggas / For niggas	https://genius.com/Silkk-the-shocker-this-is-4-my-lyrics	key=not kilo; num within 50ch (10); plausible $K; number counts other noun; dup snippet
0.00	1967	The Move	The Disturbance	Reach the age of a-21 / Ain't got no key to fit my door / Day and a-night I	https://genius.com/The-move-the-disturbance-lyrics	pre-1986; key=not kilo; num near kilo (21); plausible $K; number counts other noun
0.00	2021	Kwengface	Chef	I can't lie when I leave my yard / I bring my keys, ying or blikks (Mm-mm) / Zone 2	https://genius.com/Kwengface-chef-lyrics	key=not kilo; num within 50ch (one); implausible value 1
0.00	1966	Roger Miller	My Uncle Used To Love Me But She Died (Single Version)	but she died / Who'll bid me quarter, thirty cents for a ring of keys / Three sixty-five for a	https://genius.com/Roger-miller-my-uncle-used-to-love-me-but-she-died-single-version-lyrics	pre-1986; key=not kilo; num near kilo (three six); plausible $K; number counts other noun
0.00	1966	Roger Miller	My Uncle Used to Love Me But She Died	but she died / Who'll bid me quarter, thirty cents for a ring of keys / Three sixty-five for a	https://genius.com/Roger-miller-my-uncle-used-to-love-me-but-she-died-lyrics	pre-1986; key=not kilo; num near kilo (three six); plausible $K; number counts other noun; dup snippet
0.00	1968	The Wind in the Willows	My Uncle Used to Love Me But She Died	but she died / Who'll bid me quarter, thirty cents for a ring of keys / Three sixty-five for a	https://genius.com/The-wind-in-the-willows-my-uncle-used-to-love-me-but-she-died-lyrics	pre-1986; key=not kilo; num near kilo (three six); plausible $K; number counts other noun; dup snippet
0.00	2021	‎‎ratrace90210	‎gilbert grape freestyle	but words will always hurt me more / I got 5 whole cellphones yeah / One for each personality / I feel like	https://genius.com/Ratrace90210-gilbert-grape-freestyle-lyrics	no kilo term
0.00	2025	Zay Kenne	22	right / What do it be, it feeling like, it be twenty, two, five / I just been fighting for my whole	https://genius.com/Zay-kenne-22-lyrics	no kilo term
0.00	2007	Chamillionaire	The Evening News	time for that / The White House is going to stay white / Even though we know that Obama's black / 9	https://genius.com/Chamillionaire-the-evening-news-lyrics	no kilo term
0.00	2007	Young Buck (Ft. Jazze Pha, Jeezy, Pimp C & T.I.)	4 Kings	go / 1 for the bread, and 2 for the blow / Mr. 17.5, ya damn right it's gon' snow	https://genius.com/Young-buck-4-kings-lyrics	no kilo term
0.00	2008	G-Unit	Fully Loaded	planes hit the towers / When the Latin blew the shit up, the coke price went up / For 35 a gram	https://genius.com/G-unit-fully-loaded-lyrics	no kilo term
0.00	2009	"Flo Rida (Ft. Brisco & Javon ""4mil"" Thomas)"	Ha	when I toss it from my right hand / Niggas holla twenty things for a whole lotta keh... keh keh keh	https://genius.com/Flo-rida-ha-lyrics	no kilo term
0.00	2018	Jim Jones	Never Did The 3Quarters	squalie!) / Did the 5 Series, never did the 3 quarters / Coke price up and down, they tryna see-saw us	https://genius.com/Jim-jones-never-did-the-3quarters-lyrics	no kilo term
0.00	2019	Rap Battle Melee	Vince McMahon (WWE) vs. Dana White (UFC)	it / You charge 60 bucks for one round? Shit! / Dana White: / That's the price of real blood, real sweat	https://genius.com/Rap-battle-melee-vince-mcmahon-wwe-vs-dana-white-ufc-lyrics	no kilo term
0.00	2019	Yung Mal	#’s (Numbers)	that LeBron / Twenty-four for the Rollie, it wet like a pond / Whole twenty-five, I'm a don / Keep	https://genius.com/Yung-mal-s-numbers-lyrics	no kilo term
0.00	2020	Yung Mal (Ft. Stunna 4 Vegas)	#'s (Remix)	that LeBron / Twenty-four for the Rollie, it wet like a pond / Whole twenty-five, I'm a don / Keep	https://genius.com/Yung-mal-s-remix-lyrics	no kilo term
